id,userName,fullName,profilePicUrl,isVerified
56743862300,msrit_confessions24,MSRIT'24 | Confessions,https://instagram.fblr20-3.fna.fbcdn.net/v/t51.2885-19/317629127_1603964026708320_9013036633096133125_n.jpg?stp=dst-jpg_s150x150&_nc_ht=instagram.fblr20-3.fna.fbcdn.net&_nc_cat=100&_nc_ohc=BXykvNGGR3YAX_wz1hx&edm=AOG-cTkBAAAA&ccb=7-5&oh=00_AfB32nySS86c-tehT32VH1Kv3DFhoVi2U0nokHoWJ75RGw&oe=639E39A5&_nc_sid=282b66,false
47930598879,p.poojamohan,Pooja Mohan P,https://instagram.fblr20-3.fna.fbcdn.net/v/t51.2885-19/317463991_479863730801319_1553076297800419817_n.jpg?stp=dst-jpg_s150x150&_nc_ht=instagram.fblr20-3.fna.fbcdn.net&_nc_cat=103&_nc_ohc=I3Y93-Etm4YAX8UcbtE&edm=AOG-cTkBAAAA&ccb=7-5&oh=00_AfCFcr7IIW-uNm71njGnW211yjJVoFdWc_cbH0IvBqeEWA&oe=639DA55E&_nc_sid=282b66,false
56780298946,spinsalonkempapura,Spin Salon Hebbal Kempapura,https://instagram.fblr20-1.fna.fbcdn.net/v/t51.2885-19/317854422_476685271116345_5421354500423832952_n.jpg?stp=dst-jpg_s150x150&_nc_ht=instagram.fblr20-1.fna.fbcdn.net&_nc_cat=109&_nc_ohc=CHdy__rNVr8AX_dV5_a&edm=AOG-cTkBAAAA&ccb=7-5&oh=00_AfCfqmD3W2UoKARbTw15KYjmqwtJv5qMbfzi-hDL77y78A&oe=639CFBC9&_nc_sid=282b66,false
56372291963,chiranjeevi.t.a,chiranjeevi,https://instagram.fblr20-2.fna.fbcdn.net/v/t51.2885-19/316325205_804012077522990_2355685444433597124_n.jpg?stp=dst-jpg_s150x150&_nc_ht=instagram.fblr20-2.fna.fbcdn.net&_nc_cat=102&_nc_ohc=Vz2OO8QC_JEAX-Qqh0s&edm=AOG-cTkBAAAA&ccb=7-5&oh=00_AfB_KpczAgJpLu6d57T-zPmMtWTlBnNsrFbqoLCKm6yJrQ&oe=639DF737&_nc_sid=282b66,false
52904992243,advalyze.in,Advalyze Business Advisors,https://instagram.fblr20-1.fna.fbcdn.net/v/t51.2885-19/316455766_1287868735310636_1871776220171603002_n.jpg?stp=dst-jpg_s150x150&_nc_ht=instagram.fblr20-1.fna.fbcdn.net&_nc_cat=108&_nc_ohc=P__aIw8hChYAX_wUAx2&tn=0pmRzlIwJh_-kY07&edm=AOG-cTkBAAAA&ccb=7-5&oh=00_AfCHFDHexGm5ki9STKW0s9qi_IevC0sLguw_ZUCjLKD0GA&oe=639E0223&_nc_sid=282b66,false
51820534572,3.amlines,3amlines,https://instagram.fblr20-3.fna.fbcdn.net/v/t51.2885-19/278099205_546370956894649_1839322450742689556_n.jpg?stp=dst-jpg_s150x150&_nc_ht=instagram.fblr20-3.fna.fbcdn.net&_nc_cat=101&_nc_ohc=TIsnjz1c6ccAX8Jw9D9&tn=0pmRzlIwJh_-kY07&edm=AOG-cTkBAAAA&ccb=7-5&oh=00_AfBvYnbIdv3itcu7UGIUZ69ipihmsqZaml1HaPvdGivRWw&oe=639DFE1C&_nc_sid=282b66,false
56547582986,_msrit_confessions,MSRIT | Confessions,https://instagram.fblr20-2.fna.fbcdn.net/v/t51.2885-19/317186012_916110222707699_231281772653282652_n.jpg?stp=dst-jpg_s150x150&_nc_ht=instagram.fblr20-2.fna.fbcdn.net&_nc_cat=111&_nc_ohc=ofAtzOL5h9EAX_ew8Zd&edm=AOG-cTkBAAAA&ccb=7-5&oh=00_AfBlHC8KKjdsey_qFBN8qk1az-lb9auSO2DC6AfmS4wvfw&oe=639CB3FD&_nc_sid=282b66,false
51041397645,jeetuking420,Jeetu.......... king@~~~420,https://instagram.fblr20-2.fna.fbcdn.net/v/t51.2885-19/318171618_1643553609416387_2185286404890527091_n.jpg?stp=dst-jpg_s150x150&_nc_ht=instagram.fblr20-2.fna.fbcdn.net&_nc_cat=111&_nc_ohc=nl8-l-0b1NsAX8cxwYV&edm=AOG-cTkBAAAA&ccb=7-5&oh=00_AfCxZvvYjbpxbU1yOhmoElAtA3A9z3Ecjb3E_FAfb1Ycwg&oe=639DE5D1&_nc_sid=282b66,false
44339545883,rsaumyarathore,Saumya Rathore,https://instagram.fblr20-1.fna.fbcdn.net/v/t51.2885-19/312685596_1072879376727403_6402610015710597881_n.jpg?stp=dst-jpg_s150x150&_nc_ht=instagram.fblr20-1.fna.fbcdn.net&_nc_cat=107&_nc_ohc=Xap_IMyuIvUAX-nihqC&edm=AOG-cTkBAAAA&ccb=7-5&oh=00_AfADoml4TSz_Ue_kYZ-fWzDiB0jGva_F-y_FZkIjI6_Abw&oe=639E08F1&_nc_sid=282b66,false
48254153371,axlxy.11,dattebayo üç•,https://instagram.fblr20-2.fna.fbcdn.net/v/t51.2885-19/316003863_833591187691086_7470664801219436707_n.jpg?stp=dst-jpg_s150x150&_nc_ht=instagram.fblr20-2.fna.fbcdn.net&_nc_cat=106&_nc_ohc=hjYuHMLzt0YAX_QNobh&edm=AOG-cTkBAAAA&ccb=7-5&oh=00_AfA6kffpYfOyP8k6GcqZ8la6YP-ZRMN9B_ZcUBMWmWAV9g&oe=639C6FA0&_nc_sid=282b66,false
7470895610,jnanitha.02,Jnanitha,https://instagram.fblr20-3.fna.fbcdn.net/v/t51.2885-19/316445548_1584837438699041_96792384708430245_n.jpg?stp=dst-jpg_s150x150&_nc_ht=instagram.fblr20-3.fna.fbcdn.net&_nc_cat=105&_nc_ohc=rExFbGE6gXsAX-vSh_p&edm=AOG-cTkBAAAA&ccb=7-5&oh=00_AfA6h0GrYHe4Ucp5Ol4VFIw0bmin9rgAnkIKsYer01C1yg&oe=639D91F8&_nc_sid=282b66,false
34950453483,_samprathi_hs,Samprathi Gowda,https://instagram.fblr20-1.fna.fbcdn.net/v/t51.2885-19/316176420_1343300289748185_7693717746583187117_n.jpg?stp=dst-jpg_s150x150&_nc_ht=instagram.fblr20-1.fna.fbcdn.net&_nc_cat=109&_nc_ohc=oCDHxdv4BCAAX8iZg12&tn=0pmRzlIwJh_-kY07&edm=AOG-cTkBAAAA&ccb=7-5&oh=00_AfA7VCRdR8Zm24hWL3E2LrASm_A8uLuFKc7wFplxcI4P2w&oe=639DCA06&_nc_sid=282b66,false
8561498124,_arunkumar19_,‡≤Ö‡≤∞‡≥Å‡≤£‡≤ï‡≥Å‡≤Æ‡≤æ‡≤∞,https://instagram.fblr20-3.fna.fbcdn.net/v/t51.2885-19/319644475_661404452117847_2786719695741621781_n.jpg?stp=dst-jpg_s150x150&_nc_ht=instagram.fblr20-3.fna.fbcdn.net&_nc_cat=103&_nc_ohc=fV-r3GDvuW8AX8yGFKj&tn=0pmRzlIwJh_-kY07&edm=AOG-cTkBAAAA&ccb=7-5&oh=00_AfCfAsThonolRpi6ZO8s5kct8uGcldHVYmSdql8QKzV4-g&oe=639D033F&_nc_sid=282b66,false
51032748774,ujjwal_0669,Ujjwal,https://instagram.fblr20-3.fna.fbcdn.net/v/t51.2885-19/314914259_1901456926864143_912932447516983866_n.jpg?stp=dst-jpg_s150x150&_nc_ht=instagram.fblr20-3.fna.fbcdn.net&_nc_cat=103&_nc_ohc=HVy7FYpyweIAX96bH9D&edm=AOG-cTkBAAAA&ccb=7-5&oh=00_AfBGKfkTRctlcQXxOg4a7IccKNyLXe39yilvplCaDXZF2w&oe=639D864B&_nc_sid=282b66,false
56456363547,ankit181879,Ankit kumar,https://instagram.fblr20-2.fna.fbcdn.net/v/t51.2885-19/313219188_139541568837110_8316029963712795357_n.jpg?stp=dst-jpg_s150x150&_nc_ht=instagram.fblr20-2.fna.fbcdn.net&_nc_cat=102&_nc_ohc=oQ1GE3ijiRAAX959KTP&edm=AOG-cTkBAAAA&ccb=7-5&oh=00_AfDy7ag8IOg2FK1U10Ma5ZzBIEVuSFCSLn7DbI-T4dcnFg&oe=639C8D68&_nc_sid=282b66,false
1915821537,yashash__gowda,Yashash Yuvraj,https://instagram.fblr20-2.fna.fbcdn.net/v/t51.2885-19/316791961_1833365540354848_1523690945567170761_n.jpg?stp=dst-jpg_s150x150&_nc_ht=instagram.fblr20-2.fna.fbcdn.net&_nc_cat=104&_nc_ohc=qI8MDMLfG4AAX-7CRzL&edm=AOG-cTkBAAAA&ccb=7-5&oh=00_AfAjTVNv8JNOXDoGWW5OtfKCJPFl64a4uHJuM-i_vnWEqg&oe=639DF130&_nc_sid=282b66,false
13082799529,rounaks.photography,Rounak Bhattacharya,https://instagram.fblr20-2.fna.fbcdn.net/v/t51.2885-19/310493978_2080529362145022_8688741878866305635_n.jpg?stp=dst-jpg_s150x150&_nc_ht=instagram.fblr20-2.fna.fbcdn.net&_nc_cat=106&_nc_ohc=WrnSV9DM3a8AX9IhHz5&edm=AOG-cTkBAAAA&ccb=7-5&oh=00_AfAbypCWAykdWcGJAp9ryNQ02REut-pG9UysaHjc-7CJDA&oe=639D498D&_nc_sid=282b66,false
29321601723,purnima6210,Poonam Rathore,https://instagram.fblr20-3.fna.fbcdn.net/v/t51.2885-19/278832668_291769359806917_8165063328894332068_n.jpg?stp=dst-jpg_s150x150&_nc_ht=instagram.fblr20-3.fna.fbcdn.net&_nc_cat=101&_nc_ohc=rFYcxhmx_8oAX8Z7hIy&edm=AOG-cTkBAAAA&ccb=7-5&oh=00_AfBaoqvr90jqeIi-87FoVzJG5YWUSuTIyTYd_3AovfQ_gg&oe=639D6500&_nc_sid=282b66,false
7428515922,akhil.9653,Akhil Kumar,https://instagram.fblr20-1.fna.fbcdn.net/v/t51.2885-19/317312687_2438810126466850_7926067299977531492_n.jpg?stp=dst-jpg_s150x150&_nc_ht=instagram.fblr20-1.fna.fbcdn.net&_nc_cat=110&_nc_ohc=onqMjVeLSmoAX9Y-Fzy&edm=AOG-cTkBAAAA&ccb=7-5&oh=00_AfD5gjjlLgBUiYO0Qtg5d6KBQAaSdvvLdv_AjP-pPekzPw&oe=639D5AFF&_nc_sid=282b66,false
9269690349,srinivas_dhotre,Srinivas,https://instagram.fblr20-2.fna.fbcdn.net/v/t51.2885-19/318737234_210178884702208_5834663313752027978_n.jpg?stp=dst-jpg_s150x150&_nc_ht=instagram.fblr20-2.fna.fbcdn.net&_nc_cat=104&_nc_ohc=Es5fxgGw6_4AX8abcze&edm=AOG-cTkBAAAA&ccb=7-5&oh=00_AfDmhEMW_AsZDsRSLoBt_JIaYhOZ9MT2dcQdZCv4szi72Q&oe=639E287B&_nc_sid=282b66,false
7410384357,shreyaayay,Shreya.,https://instagram.fblr20-3.fna.fbcdn.net/v/t51.2885-19/315895500_868129601010135_538919695244427519_n.jpg?stp=dst-jpg_s150x150&_nc_ht=instagram.fblr20-3.fna.fbcdn.net&_nc_cat=103&_nc_ohc=H95PBOZHeQoAX_6pB25&edm=AOG-cTkBAAAA&ccb=7-5&oh=00_AfALBEp5_laFSjMXD6qurzOId8fSrcN4ClOj0K7KXdy9bQ&oe=639DF8B1&_nc_sid=282b66,false
52772100965,waqqas_khan09,ŸàŸÇÿßÿµ ÿßÿ®ŸÜŸê ÿ∑ÿßÿ±ŸÇ,https://instagram.fblr20-1.fna.fbcdn.net/v/t51.2885-19/317505821_724213665234212_5080918157309853445_n.jpg?stp=dst-jpg_s150x150&_nc_ht=instagram.fblr20-1.fna.fbcdn.net&_nc_cat=108&_nc_ohc=ozwH2kLg598AX8BJbg2&edm=AOG-cTkBAAAA&ccb=7-5&oh=00_AfAIvRACt43XE-aAq0AoTf-pyHPdGMKaVBjQYzvPqsaD4A&oe=639D11EF&_nc_sid=282b66,false
50129681700,manasi_priya317,Manasi Priya,https://instagram.fblr20-1.fna.fbcdn.net/v/t51.2885-19/279825256_2688827404595155_4008288457507472324_n.jpg?stp=dst-jpg_s150x150&_nc_ht=instagram.fblr20-1.fna.fbcdn.net&_nc_cat=107&_nc_ohc=dI_gub5Q4BgAX8YhoIO&tn=0pmRzlIwJh_-kY07&edm=AOG-cTkBAAAA&ccb=7-5&oh=00_AfBE44dtQs0GE8tZa29J7J06Cx-wpSQZq1FJqLQkbcwaog&oe=639D8807&_nc_sid=282b66,false
51424292288,diya_sarazz,diya sara,https://scontent-ccu1-1.cdninstagram.com/v/t51.2885-19/44884218_345707102882519_2446069589734326272_n.jpg?_nc_ht=scontent-ccu1-1.cdninstagram.com&_nc_cat=1&_nc_ohc=SdGf-pQgnmIAX9bH7tx&edm=AJXOVykBAAAA&ccb=7-5&ig_cache_key=YW5vbnltb3VzX3Byb2ZpbGVfcGlj.2-ccb7-5&oh=00_AfBwWzzP28eedeTp_wGl1fJ-dAYnBf9N8jYLikAjF4kv9g&oe=639C7D4F&_nc_sid=9c1db7,false
4175834607,singh_kittu_rishav,Rishav Singh,https://instagram.fblr20-3.fna.fbcdn.net/v/t51.2885-19/143956998_772461890039043_8400918094773170877_n.jpg?stp=dst-jpg_s150x150&_nc_ht=instagram.fblr20-3.fna.fbcdn.net&_nc_cat=103&_nc_ohc=mVwCBVWxPQQAX_LXeZ4&edm=AOG-cTkBAAAA&ccb=7-5&oh=00_AfCsZMiLLmytBwGLxhOuKg1LfmQBxBVCi6zRToyQhDtXeQ&oe=639E31FE&_nc_sid=282b66,false
43721482369,mr._sanghi,Yogesh Sanghi,https://instagram.fblr20-3.fna.fbcdn.net/v/t51.2885-19/290924414_700280294368596_4872253733872314398_n.jpg?stp=dst-jpg_s150x150&_nc_ht=instagram.fblr20-3.fna.fbcdn.net&_nc_cat=100&_nc_ohc=wdjgGL-saqgAX8coGh2&edm=AOG-cTkBAAAA&ccb=7-5&oh=00_AfBATW1ZYw1-whshi4CWDrp2--viIw4j2OzutkrR-cP_OQ&oe=639C84A0&_nc_sid=282b66,false
54601458070,kusuma_bl_,KUSUMA,https://instagram.fblr20-3.fna.fbcdn.net/v/t51.2885-19/318982689_5765984746795477_396116830138542163_n.jpg?stp=dst-jpg_s150x150&_nc_ht=instagram.fblr20-3.fna.fbcdn.net&_nc_cat=101&_nc_ohc=_tJKxY1hU9QAX_L5HaE&edm=AOG-cTkBAAAA&ccb=7-5&oh=00_AfDgm-MRwbXnT1HJXcUrH0LzkW5uEGJvxyzNyZ8e_47A5w&oe=639D857A&_nc_sid=282b66,false
51173590610,rankeet00,Rankeet Dhillon,https://instagram.fblr20-2.fna.fbcdn.net/v/t51.2885-19/271290703_342043394587902_1868155835210888258_n.jpg?stp=dst-jpg_s150x150&_nc_ht=instagram.fblr20-2.fna.fbcdn.net&_nc_cat=106&_nc_ohc=kv00azQS1moAX-0Sivm&edm=AOG-cTkBAAAA&ccb=7-5&oh=00_AfAVaDhFjrKrAJCYT2HiAvdF3xk9yANKCwsPLb7tr42l2g&oe=639D13D2&_nc_sid=282b66,false
54184217987,rahul_red_d23,Rahul M,https://instagram.fblr20-1.fna.fbcdn.net/v/t51.2885-19/310069396_502606451387049_436237435922031665_n.jpg?stp=dst-jpg_s150x150&_nc_ht=instagram.fblr20-1.fna.fbcdn.net&_nc_cat=109&_nc_ohc=UAdONv3UhOUAX8jgKUY&edm=AOG-cTkBAAAA&ccb=7-5&oh=00_AfBiD4oDkWPuQr2oLCK00_Dyh7GvQEknNkl3p5z37UCf-A&oe=639D2F5A&_nc_sid=282b66,false
48992711496,anamikaroy7645,Anamika Roy,https://instagram.fblr20-1.fna.fbcdn.net/v/t51.2885-19/317950774_1041737347221943_2516341041988352762_n.jpg?stp=dst-jpg_s150x150&_nc_ht=instagram.fblr20-1.fna.fbcdn.net&_nc_cat=107&_nc_ohc=fKRX3HSDslMAX-gm5b6&edm=AOG-cTkBAAAA&ccb=7-5&oh=00_AfA8HSQGIwBV5LrxLen9Eq_neJt3FBso8fokRCTkbzJwpQ&oe=639D010C&_nc_sid=282b66,false
42728004669,cypher_kaya,Riya,https://instagram.fblr20-3.fna.fbcdn.net/v/t51.2885-19/300554871_428853895713435_7210471433606026053_n.jpg?stp=dst-jpg_s150x150&_nc_ht=instagram.fblr20-3.fna.fbcdn.net&_nc_cat=103&_nc_ohc=zj6XKGNZWf0AX-VSww3&edm=AOG-cTkBAAAA&ccb=7-5&oh=00_AfD1rnt_4v6MvzOBIuiV1QZku0giCvPas8NvlyLkp5npJg&oe=639D338C&_nc_sid=282b66,false
2605061682,sifaan.ali,Sifan Khan,https://instagram.fblr20-2.fna.fbcdn.net/v/t51.2885-19/319320314_222569683441703_8062143109409330289_n.jpg?stp=dst-jpg_s150x150&_nc_ht=instagram.fblr20-2.fna.fbcdn.net&_nc_cat=111&_nc_ohc=TAunddpoFDAAX98oVD1&edm=AOG-cTkBAAAA&ccb=7-5&oh=00_AfC617ZfUVIB-HFHicONZCUiJJalI2dlsLQDAu0amhSncA&oe=639D7F60&_nc_sid=282b66,false
2312594706,subhamjogani_,Subham Jogani,https://instagram.fblr20-2.fna.fbcdn.net/v/t51.2885-19/310373631_124364860394666_5567262606316567274_n.jpg?stp=dst-jpg_s150x150&_nc_ht=instagram.fblr20-2.fna.fbcdn.net&_nc_cat=102&_nc_ohc=WXjLFykpnTUAX_7ykD3&edm=AOG-cTkBAAAA&ccb=7-5&oh=00_AfB8JdTMPD73RcL44xyIs-qWsejlJDT69vFYuWNBEnsvRA&oe=639CAA19&_nc_sid=282b66,false
7492897366,dakshrajput100,Daksh Rajput,https://instagram.fblr20-1.fna.fbcdn.net/v/t51.2885-19/275631624_497853698631476_2076973541782195766_n.jpg?stp=dst-jpg_s150x150&_nc_ht=instagram.fblr20-1.fna.fbcdn.net&_nc_cat=108&_nc_ohc=n9LxDdOf0j8AX9A_jxT&edm=AOG-cTkBAAAA&ccb=7-5&oh=00_AfA3Q9UjTnW4oD0onZl0Leda3Nyuygcpgf4IL5bMK8FAJQ&oe=639DA11F&_nc_sid=282b66,false
53600349482,misstee02,Tanya,https://instagram.fblr20-3.fna.fbcdn.net/v/t51.2885-19/286165906_546894790353241_3143641065604871613_n.jpg?stp=dst-jpg_s150x150&_nc_ht=instagram.fblr20-3.fna.fbcdn.net&_nc_cat=101&_nc_ohc=8OnoCpYtdm4AX_mB0Ko&edm=AOG-cTkBAAAA&ccb=7-5&oh=00_AfB1T-aNAp-Uhjjp8M1UmSp-PEsZ_9RrzI0liJzLslxzcA&oe=639CE9C7&_nc_sid=282b66,false
31857324510,bhuvan.bellary_03,Bhuvan Bellary,https://instagram.fblr20-1.fna.fbcdn.net/v/t51.2885-19/299610275_1462292740860836_9192539667504310340_n.jpg?stp=dst-jpg_s150x150&_nc_ht=instagram.fblr20-1.fna.fbcdn.net&_nc_cat=108&_nc_ohc=mJTfPUmtAdYAX9BGoT8&edm=AOG-cTkBAAAA&ccb=7-5&oh=00_AfCHtiM2CEYV6DMjqOs-2YwXvgnTBzLoUVj482INFXa-Ag&oe=639D2E61&_nc_sid=282b66,false
2280516197,sahil._836,Sahil Barooah,https://instagram.fblr20-1.fna.fbcdn.net/v/t51.2885-19/73426960_460848494567014_3365034626476146688_n.jpg?stp=dst-jpg_s150x150&_nc_ht=instagram.fblr20-1.fna.fbcdn.net&_nc_cat=110&_nc_ohc=x4WrVwWNMJEAX_WHNB8&edm=AOG-cTkBAAAA&ccb=7-5&oh=00_AfAgDFMXn51VeOf1gth1TQdbeNUhsWHmfWN-nW5sRsuC5g&oe=639E1217&_nc_sid=282b66,false
7136509106,_varun_sanyal_,Varun sanyal,https://instagram.fblr20-2.fna.fbcdn.net/v/t51.2885-19/175927352_366304671356238_3681542503475695856_n.jpg?stp=dst-jpg_s150x150&_nc_ht=instagram.fblr20-2.fna.fbcdn.net&_nc_cat=106&_nc_ohc=v15K-NlT1KkAX_rRO3p&tn=0pmRzlIwJh_-kY07&edm=AOG-cTkBAAAA&ccb=7-5&oh=00_AfCSV7wsLEnrDrDHTBEZQsQcMN7YNo5-Yvpk7ZytTU5vkg&oe=639DD419&_nc_sid=282b66,false
1641136924,piyush___09____,Piyush,https://instagram.fblr20-1.fna.fbcdn.net/v/t51.2885-19/317624333_678527930435878_4247182058568838505_n.jpg?stp=dst-jpg_s150x150&_nc_ht=instagram.fblr20-1.fna.fbcdn.net&_nc_cat=110&_nc_ohc=9lyyNENPoZ8AX_9W1iU&edm=AOG-cTkBAAAA&ccb=7-5&oh=00_AfASppvEujUTwiOGwg_LvSf2vtkMlRCCuBOpOGdTMNDq6g&oe=639CC299&_nc_sid=282b66,false
15456404224,n.a.m.i.t.a._,Namita Singh,https://instagram.fblr20-3.fna.fbcdn.net/v/t51.2885-19/312894083_812072246519811_8931126133635456986_n.jpg?stp=dst-jpg_s150x150&_nc_ht=instagram.fblr20-3.fna.fbcdn.net&_nc_cat=103&_nc_ohc=KU2OY8YxO2gAX9uwHiJ&edm=AOG-cTkBAAAA&ccb=7-5&oh=00_AfBlnANBXDRLqZZ9gFgT5DdsqFAc_1FBk6HS3pwyLudFPw&oe=639C7F43&_nc_sid=282b66,false
52873157780,kristinaqgb,Kristina,https://scontent-ccu1-1.cdninstagram.com/v/t51.2885-19/44884218_345707102882519_2446069589734326272_n.jpg?_nc_ht=scontent-ccu1-1.cdninstagram.com&_nc_cat=1&_nc_ohc=SdGf-pQgnmIAX9bH7tx&edm=AJXOVykBAAAA&ccb=7-5&ig_cache_key=YW5vbnltb3VzX3Byb2ZpbGVfcGlj.2-ccb7-5&oh=00_AfBwWzzP28eedeTp_wGl1fJ-dAYnBf9N8jYLikAjF4kv9g&oe=639C7D4F&_nc_sid=9c1db7,false
40754313888,quaza_waaza,,https://scontent-ccu1-1.cdninstagram.com/v/t51.2885-19/44884218_345707102882519_2446069589734326272_n.jpg?_nc_ht=scontent-ccu1-1.cdninstagram.com&_nc_cat=1&_nc_ohc=SdGf-pQgnmIAX9bH7tx&edm=AJXOVykBAAAA&ccb=7-5&ig_cache_key=YW5vbnltb3VzX3Byb2ZpbGVfcGlj.2-ccb7-5&oh=00_AfBwWzzP28eedeTp_wGl1fJ-dAYnBf9N8jYLikAjF4kv9g&oe=639C7D4F&_nc_sid=9c1db7,false
5703826345,utkarshanand_25,√útk√§rsh √Ñ√±√§√±d,https://instagram.fblr20-1.fna.fbcdn.net/v/t51.2885-19/315763411_441132554654193_5055760193011543196_n.jpg?stp=dst-jpg_s150x150&_nc_ht=instagram.fblr20-1.fna.fbcdn.net&_nc_cat=109&_nc_ohc=eThLkR9HnDQAX_aVtK7&tn=0pmRzlIwJh_-kY07&edm=AOG-cTkBAAAA&ccb=7-5&oh=00_AfBixaTTN1JVws3EqtArlP9Eym4Up7Mh6tGT6UKWkscSCQ&oe=639DEB24&_nc_sid=282b66,false
8571149621,mishraprajjwal12,Prajjwal Mishra,https://instagram.fblr20-2.fna.fbcdn.net/v/t51.2885-19/299505180_3256954347958787_3336283850753773692_n.jpg?stp=dst-jpg_s150x150&_nc_ht=instagram.fblr20-2.fna.fbcdn.net&_nc_cat=111&_nc_ohc=h6kt2LpIj84AX_279y-&edm=AOG-cTkBAAAA&ccb=7-5&oh=00_AfD3R3xFzFtzrlwXlWXJU8tOgARVHZxobNvp1iQaaWRU9A&oe=639CD708&_nc_sid=282b66,false
3032951380,adixtya19,Adithya Appukudige,https://instagram.fblr20-1.fna.fbcdn.net/v/t51.2885-19/316563707_206028955156303_3756395861832300716_n.jpg?stp=dst-jpg_s150x150&_nc_ht=instagram.fblr20-1.fna.fbcdn.net&_nc_cat=107&_nc_ohc=XJ7B87dV3g4AX_BHPhd&tn=0pmRzlIwJh_-kY07&edm=AOG-cTkBAAAA&ccb=7-5&oh=00_AfBxRJU5VQcKgAtU-S9VtS3IbMTHV5ytDuloIHlgzxmONw&oe=639DF004&_nc_sid=282b66,false
8126330129,_princek___,„É° Prince‚òÜ‚ú®,https://instagram.fblr20-2.fna.fbcdn.net/v/t51.2885-19/242360082_195942182631616_177777962032553110_n.jpg?stp=dst-jpg_s150x150&_nc_ht=instagram.fblr20-2.fna.fbcdn.net&_nc_cat=104&_nc_ohc=EQbdT91zemYAX_-sEdM&edm=AOG-cTkBAAAA&ccb=7-5&oh=00_AfBp7bvvzBt0qma3pB7dGieB7ae9z984W8A2QyZ7XKUjlw&oe=639C97DD&_nc_sid=282b66,false
8041845662,sudhanshu_sinha_,Sudhanshu Sinha,https://instagram.fblr20-1.fna.fbcdn.net/v/t51.2885-19/315642223_514548050596006_7056094570183007925_n.jpg?stp=dst-jpg_s150x150&_nc_ht=instagram.fblr20-1.fna.fbcdn.net&_nc_cat=110&_nc_ohc=6-gDIvU-GjMAX_elcYU&edm=AOG-cTkBAAAA&ccb=7-5&oh=00_AfC5SU-rLxaAkaXWdUP4xNK0aNMp_yw-HzzEEo_gJ2EZAQ&oe=639D2B95&_nc_sid=282b66,false
52247911936,vanessah2748,,https://instagram.fblr20-3.fna.fbcdn.net/v/t51.2885-19/277616435_525729532320384_887179551085593040_n.jpg?stp=dst-jpg_s150x150&_nc_ht=instagram.fblr20-3.fna.fbcdn.net&_nc_cat=100&_nc_ohc=1HvC5vYEsjkAX85zEdz&edm=AOG-cTkBAAAA&ccb=7-5&oh=00_AfBgy3cSS_CMOeqDKEYIHC5h-_yFXSOFMc90c6mE84xhcw&oe=639D330A&_nc_sid=282b66,false
6886972221,thegreatbiryanico,The Great Biryani Co.,https://instagram.fblr20-3.fna.fbcdn.net/v/t51.2885-19/26070510_178315756249815_5370094057974398976_n.jpg?stp=dst-jpg_s150x150&_nc_ht=instagram.fblr20-3.fna.fbcdn.net&_nc_cat=103&_nc_ohc=z6KBOoSpTmIAX_i8xkG&edm=AOG-cTkBAAAA&ccb=7-5&oh=00_AfDtn0EIxG26djJIYwQO8smHf54baX_P21637uG1iPLchw&oe=639D1658&_nc_sid=282b66,false
12979549147,harshsharma._21,Harsh Sharma,https://instagram.fblr20-2.fna.fbcdn.net/v/t51.2885-19/315374917_810220980271938_4573070438669922768_n.jpg?stp=dst-jpg_s150x150&_nc_ht=instagram.fblr20-2.fna.fbcdn.net&_nc_cat=106&_nc_ohc=swtaxVv7900AX-RA-7_&edm=AOG-cTkBAAAA&ccb=7-5&oh=00_AfByy0bQL-ARTfyvhvBP2Efol7y_vojSRZ4TJdG2t_BMkg&oe=639D9053&_nc_sid=282b66,false
15705037712,archana_verma_09,Archana Verma,https://instagram.fblr20-1.fna.fbcdn.net/v/t51.2885-19/275214317_485553206506303_3341306019565216882_n.jpg?stp=dst-jpg_s150x150&_nc_ht=instagram.fblr20-1.fna.fbcdn.net&_nc_cat=107&_nc_ohc=w0vUX99w4k4AX8_aiyq&edm=AOG-cTkBAAAA&ccb=7-5&oh=00_AfDR3gKu3XqpMkqRFU4nnDEOn7dl514ea6o-9AqxbEwmkQ&oe=639C64DF&_nc_sid=282b66,false
47119681574,baby_ivaansh,Baby_Ivaansh,https://instagram.fblr20-3.fna.fbcdn.net/v/t51.2885-19/300303979_5298558770222388_7694345230344980365_n.jpg?stp=dst-jpg_s150x150&_nc_ht=instagram.fblr20-3.fna.fbcdn.net&_nc_cat=100&_nc_ohc=efDGpoN9SIkAX-pkILQ&edm=AOG-cTkBAAAA&ccb=7-5&oh=00_AfCNzIlJno1uqSqhyZe_VcBuxzEW2tvmX8drZYspeYpyow&oe=639C839E&_nc_sid=282b66,false
50803565623,khushi_._singh_._,Khushi Singh,https://instagram.fblr20-2.fna.fbcdn.net/v/t51.2885-19/318463966_541397344698914_5330612552277192386_n.jpg?stp=dst-jpg_s150x150&_nc_ht=instagram.fblr20-2.fna.fbcdn.net&_nc_cat=102&_nc_ohc=C95ISZOSD-wAX_eyhyW&edm=AOG-cTkBAAAA&ccb=7-5&oh=00_AfBESxtw6MW2vn1XMEHjPP8pHl0DfSdpqxHFW9HMhkKRrA&oe=639CF5DD&_nc_sid=282b66,false
51627146799,hindi_trap_rap_,,https://instagram.fblr20-2.fna.fbcdn.net/v/t51.2885-19/273217251_247387117576120_5156998374178072565_n.jpg?stp=dst-jpg_s150x150&_nc_ht=instagram.fblr20-2.fna.fbcdn.net&_nc_cat=104&_nc_ohc=xfLXphyZMpoAX_qmrjP&edm=AOG-cTkBAAAA&ccb=7-5&oh=00_AfBXQ5Bep0MamNkmZg076aTYO4_ySSPN5nYoKvK5Ti9eAg&oe=639CEA78&_nc_sid=282b66,false
21962472292,vidushigupta_07,VIDUSHI GUPTA,https://instagram.fblr20-3.fna.fbcdn.net/v/t51.2885-19/287220320_2882047255428305_4249552387719339773_n.jpg?stp=dst-jpg_s150x150&_nc_ht=instagram.fblr20-3.fna.fbcdn.net&_nc_cat=105&_nc_ohc=WQWcaL2C4OQAX9SBNYb&edm=AOG-cTkBAAAA&ccb=7-5&oh=00_AfD1yuwNclV6Onh6awj0NO5ObZ04F6o83TPtKO31B7D_4Q&oe=639C9F2B&_nc_sid=282b66,false
52193376593,v_i_n_i_t.fanclub,vinit,https://instagram.fblr20-3.fna.fbcdn.net/v/t51.2885-19/274838164_704084380953461_7246797669048405255_n.jpg?stp=dst-jpg_s150x150&_nc_ht=instagram.fblr20-3.fna.fbcdn.net&_nc_cat=105&_nc_ohc=Po1i-t8OXqwAX8ryW-m&edm=AOG-cTkBAAAA&ccb=7-5&oh=00_AfBycIx6NUk-Vz2YYFj13uSQoV8ylyWQt_DkiQlQxcmtTQ&oe=639D0C48&_nc_sid=282b66,false
5664862035,taurasian24,Akshay Naik,https://instagram.fblr20-1.fna.fbcdn.net/v/t51.2885-19/300389462_770832164119940_7996424695578774607_n.jpg?stp=dst-jpg_s150x150&_nc_ht=instagram.fblr20-1.fna.fbcdn.net&_nc_cat=108&_nc_ohc=PgMuItE-oZQAX918q0K&edm=AOG-cTkBAAAA&ccb=7-5&oh=00_AfAAx4Tfl2RFYr5i7ORJx1KTJlS9apDlFvpKrDbYEXy15w&oe=639E3D4F&_nc_sid=282b66,false
47398433656,designercottage,Paridhi Arora,https://instagram.fblr20-3.fna.fbcdn.net/v/t51.2885-19/318477090_673210084508417_8131581612803335173_n.jpg?stp=dst-jpg_s150x150&_nc_ht=instagram.fblr20-3.fna.fbcdn.net&_nc_cat=105&_nc_ohc=uj39pnN7Qe4AX8h3qvN&edm=AOG-cTkBAAAA&ccb=7-5&oh=00_AfBM-P4rSzKDIAuh8--UarCeBG8TaTwCAvWOzJZx3PmNCQ&oe=639D2706&_nc_sid=282b66,false
51763641019,gaming_flax,,https://instagram.fblr20-2.fna.fbcdn.net/v/t51.2885-19/274371264_3170292266591034_2469653316620531507_n.jpg?stp=dst-jpg_s150x150&_nc_ht=instagram.fblr20-2.fna.fbcdn.net&_nc_cat=106&_nc_ohc=C3HTBFMGOnIAX_Tj8MN&edm=AOG-cTkBAAAA&ccb=7-5&oh=00_AfCOXhqV0_ZOHLYL98wwdYmwbzTQ_dApVRf2TcjYNNuRBg&oe=639D78FC&_nc_sid=282b66,false
12496324870,naturephotos_._87,,https://instagram.fblr20-1.fna.fbcdn.net/v/t51.2885-19/315978894_126328253596570_8182164452678940042_n.jpg?stp=dst-jpg_s150x150&_nc_ht=instagram.fblr20-1.fna.fbcdn.net&_nc_cat=110&_nc_ohc=CYKjtYd_MekAX-fcy1z&edm=AOG-cTkBAAAA&ccb=7-5&oh=00_AfAxdR-4zVnlymCigxdq2cPKyrSVdSoKG0svvMW1zof56Q&oe=639D2339&_nc_sid=282b66,false
51872449874,imperfect.snapper,Imperfect Snapperüì∑,https://instagram.fblr20-2.fna.fbcdn.net/v/t51.2885-19/290592280_1080229829582654_1723569778947207667_n.jpg?stp=dst-jpg_s150x150&_nc_ht=instagram.fblr20-2.fna.fbcdn.net&_nc_cat=102&_nc_ohc=Go99dPsNC6AAX9DNkri&edm=AOG-cTkBAAAA&ccb=7-5&oh=00_AfC_QgqT38nFsbO0V50ZYkn6wpAEOZSE3n8s5YYtkFqQSg&oe=639DF984&_nc_sid=282b66,false
47787053309,shatrudhankumar7330,Shatrudhan Kumar Kumar,https://instagram.fblr20-2.fna.fbcdn.net/v/t51.2885-19/272988448_705682740420026_3013800564878789369_n.jpg?stp=dst-jpg_s150x150&_nc_ht=instagram.fblr20-2.fna.fbcdn.net&_nc_cat=102&_nc_ohc=SAaq34M2DZgAX-16yeK&edm=AOG-cTkBAAAA&ccb=7-5&oh=00_AfCvXrPBsxkqQhdbw33JbI3kzsHl25hI6FdWPCx5k_tS7Q&oe=639D235A&_nc_sid=282b66,false
51651993671,_azeemfatma_,Fatma Nayab Azeem,https://instagram.fblr20-3.fna.fbcdn.net/v/t51.2885-19/318032325_457140843249924_999112447036057732_n.jpg?stp=dst-jpg_s150x150&_nc_ht=instagram.fblr20-3.fna.fbcdn.net&_nc_cat=100&_nc_ohc=jKqVSxZgtw8AX83L3iR&tn=0pmRzlIwJh_-kY07&edm=AOG-cTkBAAAA&ccb=7-5&oh=00_AfCDjsxvclhXuuMZnFKdBGzIkoOTS1a3XMdwYas6L70kJg&oe=639D033E&_nc_sid=282b66,false
6689908864,prash_2205,Prasham Delwadiya,https://instagram.fblr20-1.fna.fbcdn.net/v/t51.2885-19/301065906_1244449819671921_7543623314061311145_n.jpg?stp=dst-jpg_s150x150&_nc_ht=instagram.fblr20-1.fna.fbcdn.net&_nc_cat=109&_nc_ohc=uAMpjqBfNHcAX_L8EPo&tn=0pmRzlIwJh_-kY07&edm=AOG-cTkBAAAA&ccb=7-5&oh=00_AfDvnilYIXWLDYS8GqhK0JlGF6-5WnvWAAEfRCrdJkzrmA&oe=639DEC96&_nc_sid=282b66,false
51223561296,its_complicatedlife,life_ changer2022 ü´Ç,https://instagram.fblr20-2.fna.fbcdn.net/v/t51.2885-19/279444677_5044647832279091_7313875773464834104_n.jpg?stp=dst-jpg_s150x150&_nc_ht=instagram.fblr20-2.fna.fbcdn.net&_nc_cat=111&_nc_ohc=lPS6kR0JvRQAX9qYwEs&edm=AOG-cTkBAAAA&ccb=7-5&oh=00_AfDR45fBc_z5pq8JvqInoh_VLJRu8926cesvblLqRhjvFQ&oe=639D1B91&_nc_sid=282b66,false
50858729271,vermarupani,Rupani Verma,https://instagram.fblr20-1.fna.fbcdn.net/v/t51.2885-19/278784228_701023387609844_7524141566050625247_n.jpg?stp=dst-jpg_s150x150&_nc_ht=instagram.fblr20-1.fna.fbcdn.net&_nc_cat=108&_nc_ohc=CdfmJPAIheQAX81d8Ft&edm=AOG-cTkBAAAA&ccb=7-5&oh=00_AfCmZGG5C79x8OPoG5Vz1bFEsRNt_eOGuj4dGk2vz2YEDA&oe=639C55F1&_nc_sid=282b66,false
4787043691,swapnil_swap_,ùë∫ùíòùíÇùíëùíèùíäùíç ùëπùíÇùíãùíëùíñùíï,https://instagram.fblr20-3.fna.fbcdn.net/v/t51.2885-19/302193883_1910492825812397_6710030987629737401_n.jpg?stp=dst-jpg_s150x150&_nc_ht=instagram.fblr20-3.fna.fbcdn.net&_nc_cat=105&_nc_ohc=l-fEagbuOjkAX_pJb5u&edm=AOG-cTkBAAAA&ccb=7-5&oh=00_AfA0WcJyV7ltWlV_vWyWMsbluFnKmON4ypk37ZL_O-CFLA&oe=639D3492&_nc_sid=282b66,false
3612009410,s_j_11_,~ùì¢ùì±ùì∏ùì´ùì±ùì≤ùìΩ ùìôùì™ùì≤ùìºùîÄùì™ùìµ‚ù§,https://instagram.fblr20-1.fna.fbcdn.net/v/t51.2885-19/249788250_894597838094263_709049308980824256_n.jpg?stp=dst-jpg_s150x150&_nc_ht=instagram.fblr20-1.fna.fbcdn.net&_nc_cat=107&_nc_ohc=k_0oBYB_6RYAX-21lk8&edm=AOG-cTkBAAAA&ccb=7-5&oh=00_AfAwdGQd5G0Dr1KjxQT__6iz2q5Vcr1E59eBsgSmP75DDQ&oe=639D6E6A&_nc_sid=282b66,false
43012960928,paramshourya,Param Shourya Singhania,https://instagram.fblr20-3.fna.fbcdn.net/v/t51.2885-19/311033772_2039858196214440_6507228951887039629_n.jpg?stp=dst-jpg_s150x150&_nc_ht=instagram.fblr20-3.fna.fbcdn.net&_nc_cat=100&_nc_ohc=rMknkzGIZSIAX_reImX&edm=AOG-cTkBAAAA&ccb=7-5&oh=00_AfAp8gX91FRHQysxGVox_vRfPqWIfD-CjMTe7UXJyVFDmg&oe=639D6D65&_nc_sid=282b66,false
27368629119,an.jali.0802,anjali singh,https://instagram.fblr20-3.fna.fbcdn.net/v/t51.2885-19/309857065_912863160117529_3416180814663121814_n.jpg?stp=dst-jpg_s150x150&_nc_ht=instagram.fblr20-3.fna.fbcdn.net&_nc_cat=101&_nc_ohc=JAMRGpmzkD0AX8TYDlv&tn=0pmRzlIwJh_-kY07&edm=AOG-cTkBAAAA&ccb=7-5&oh=00_AfDbAWvjdEAbaOjDpGr4c6tzAp8ceEtkqa0AoCxlq9WX1w&oe=639CF535&_nc_sid=282b66,false
2915524860,shivam1334,Shivam Anand,https://instagram.fblr20-1.fna.fbcdn.net/v/t51.2885-19/182028368_109836621227722_6648114760243412334_n.jpg?stp=dst-jpg_s150x150&_nc_ht=instagram.fblr20-1.fna.fbcdn.net&_nc_cat=110&_nc_ohc=0ncZJQ1I9fIAX_oKlVi&tn=0pmRzlIwJh_-kY07&edm=AOG-cTkBAAAA&ccb=7-5&oh=00_AfBvjgmY9StQ6pOR9GHNwZq0rP9JymBAgbV281WyRO4nHQ&oe=639CDE62&_nc_sid=282b66,false
47133754124,vibinpurplesatan,palak,https://instagram.fblr20-3.fna.fbcdn.net/v/t51.2885-19/277899844_511999660472124_7909911748555887372_n.jpg?stp=dst-jpg_s150x150&_nc_ht=instagram.fblr20-3.fna.fbcdn.net&_nc_cat=100&_nc_ohc=HXThSJe--IQAX9IdSeP&edm=AOG-cTkBAAAA&ccb=7-5&oh=00_AfC_dSCPPbPKGrgUZWyaOxaEYqRu2Ykettu4OZq0_ZkuGg&oe=639D149E&_nc_sid=282b66,false
50731831781,_malleshi_,|\/| ‚Ç¨ |) ! |\| !üå∏,https://instagram.fblr20-2.fna.fbcdn.net/v/t51.2885-19/319065600_174864285187391_623878458456757819_n.jpg?stp=dst-jpg_s150x150&_nc_ht=instagram.fblr20-2.fna.fbcdn.net&_nc_cat=111&_nc_ohc=TYQighxbP68AX8DLxS_&edm=AOG-cTkBAAAA&ccb=7-5&oh=00_AfBr5p6Haft9BQ5SwBltYz8_6axyipbVldTDGRCVjmRQnA&oe=639C66B8&_nc_sid=282b66,false
35155086052,pratyushhhh27,pratyush prabhav,https://instagram.fccu13-2.fna.fbcdn.net/v/t51.2885-19/44884218_345707102882519_2446069589734326272_n.jpg?_nc_ht=instagram.fccu13-2.fna.fbcdn.net&_nc_cat=1&_nc_ohc=SdGf-pQgnmIAX8WJ_tk&edm=AEVnrqQBAAAA&ccb=7-5&ig_cache_key=YW5vbnltb3VzX3Byb2ZpbGVfcGlj.2-ccb7-5&oh=00_AfDCgenmdtixeZGR1GQUt-lUNQ6YOd64jW-44u2xN7sREA&oe=639C7D4F&_nc_sid=3ae735,false
47285122024,emirate_newbel,Emirates  smoke shop Bengaluru,https://instagram.fblr20-3.fna.fbcdn.net/v/t51.2885-19/313737509_5465829786845617_9178177423775223752_n.jpg?stp=dst-jpg_s150x150&_nc_ht=instagram.fblr20-3.fna.fbcdn.net&_nc_cat=101&_nc_ohc=K9rT1dq2p9MAX9r0jQ5&edm=AOG-cTkBAAAA&ccb=7-5&oh=00_AfAVE2B19lyFrQH5aBA91rZ6ka4ur7BShtzplF3kxRS5mQ&oe=639DF65C&_nc_sid=282b66,false
4477988093,rajput_adi75,Aditya Raj,https://instagram.fblr20-1.fna.fbcdn.net/v/t51.2885-19/311877086_631336938481520_6364601596204807515_n.jpg?stp=dst-jpg_s150x150&_nc_ht=instagram.fblr20-1.fna.fbcdn.net&_nc_cat=108&_nc_ohc=T-wM88Uv0wQAX8GRm5v&edm=AOG-cTkBAAAA&ccb=7-5&oh=00_AfAVVxEEEfvXGWu00lFAcbQSpWLFM5kP3SpAVYoGLS02Gg&oe=639E12F0&_nc_sid=282b66,false
5972556979,shankar_nadagoud,S H A N K A R,https://instagram.fblr20-2.fna.fbcdn.net/v/t51.2885-19/296893974_186225747101442_3445455820789944055_n.jpg?stp=dst-jpg_s150x150&_nc_ht=instagram.fblr20-2.fna.fbcdn.net&_nc_cat=106&_nc_ohc=HvjDTqW9LL8AX9uFWbG&edm=AOG-cTkBAAAA&ccb=7-5&oh=00_AfDCH6HD0n3Fu8VjJcFjP4j4x2qaGyJBlHxmPlAOqybqXg&oe=639D28B0&_nc_sid=282b66,false
6824804658,sahil_4869,Sahil Reddy,https://instagram.fblr20-2.fna.fbcdn.net/v/t51.2885-19/318621074_5500841066651646_4952387990569095928_n.jpg?stp=dst-jpg_s150x150&_nc_ht=instagram.fblr20-2.fna.fbcdn.net&_nc_cat=106&_nc_ohc=NkNJgKeiTo4AX_ljLcX&edm=AOG-cTkBAAAA&ccb=7-5&oh=00_AfBoJeVeffbcU_uvCPzKI7LRgs1u0TRcFAa8NZW5BDhYKw&oe=639D6205&_nc_sid=282b66,false
4347489186,shubh_saxena_,Shubh Saxena‚Ñ¢,https://instagram.fblr20-2.fna.fbcdn.net/v/t51.2885-19/313841036_481630040421894_6528306987178210043_n.jpg?stp=dst-jpg_s150x150&_nc_ht=instagram.fblr20-2.fna.fbcdn.net&_nc_cat=106&_nc_ohc=43nstFxjRlIAX9IxcSo&edm=AOG-cTkBAAAA&ccb=7-5&oh=00_AfDTbTqAzAsRsM1Shalbl8lDNuA6XWMQLCAG1wIqh0zwzQ&oe=639DF1C6&_nc_sid=282b66,false
47174981556,m.chaudhary_,madhav,https://instagram.fblr20-3.fna.fbcdn.net/v/t51.2885-19/258768467_421161739570589_6315530566740143795_n.jpg?stp=dst-jpg_s150x150&_nc_ht=instagram.fblr20-3.fna.fbcdn.net&_nc_cat=105&_nc_ohc=HT4IRj0YnbAAX9O6rO8&edm=AOG-cTkBAAAA&ccb=7-5&oh=00_AfBEHyl3c4W4sfh86oz2JIUKq0vwpbpeaHhFF03c2GhZUg&oe=639CEF8F&_nc_sid=282b66,false
36047579883,harshmuz28,Harsh Kumar,https://instagram.fblr20-1.fna.fbcdn.net/v/t51.2885-19/315588330_647516620194598_7058754337762500585_n.jpg?stp=dst-jpg_s150x150&_nc_ht=instagram.fblr20-1.fna.fbcdn.net&_nc_cat=110&_nc_ohc=Pn2rM4KNpL0AX9Nktsr&edm=AOG-cTkBAAAA&ccb=7-5&oh=00_AfALAIKE7Cw5MBtPyqWanKoUBq9OHy4wY0pBYGY6OiWhtQ&oe=639DE96C&_nc_sid=282b66,false
50180502190,manali.55,,https://instagram.fblr20-2.fna.fbcdn.net/v/t51.2885-19/250079705_575304717083870_5849184040358927301_n.jpg?stp=dst-jpg_s150x150&_nc_ht=instagram.fblr20-2.fna.fbcdn.net&_nc_cat=102&_nc_ohc=ZGWLo8h_TeEAX9qo8t9&edm=AOG-cTkBAAAA&ccb=7-5&oh=00_AfCCgfs6gshFgji09CQ3136ZHL84Lf0YaUWL7KOzOz36MA&oe=639DF2F6&_nc_sid=282b66,false
44493830197,brownbookfairy,Avipsa,https://instagram.fblr20-2.fna.fbcdn.net/v/t51.2885-19/244188124_855745131999878_3328312720209346235_n.jpg?stp=dst-jpg_s150x150&_nc_ht=instagram.fblr20-2.fna.fbcdn.net&_nc_cat=102&_nc_ohc=iNe4XHDrzWEAX8LDY13&tn=0pmRzlIwJh_-kY07&edm=AOG-cTkBAAAA&ccb=7-5&oh=00_AfDmf7omqsNWxc-CRMAGUZ_OuBhQyOwWQFtVUvkH0NSRmg&oe=639D8A57&_nc_sid=282b66,false
5960999411,_._arya._._,üñ§Aryaüñ§,https://instagram.fblr20-1.fna.fbcdn.net/v/t51.2885-19/271318187_605613930500372_1309370172940399336_n.jpg?stp=dst-jpg_s150x150&_nc_ht=instagram.fblr20-1.fna.fbcdn.net&_nc_cat=108&_nc_ohc=0M8yLAyRp_8AX-ZQC0L&tn=0pmRzlIwJh_-kY07&edm=AOG-cTkBAAAA&ccb=7-5&oh=00_AfBQLUA4ze8n_Oh4xgBu_pVMkb-_1bCZvzEsehR8F9elhA&oe=639C6026&_nc_sid=282b66,false
4318331982,kundan_srivastava,Kundan Shrivastav,https://instagram.fblr20-1.fna.fbcdn.net/v/t51.2885-19/203981907_184490650176343_6095553003408860717_n.jpg?stp=dst-jpg_s150x150&_nc_ht=instagram.fblr20-1.fna.fbcdn.net&_nc_cat=107&_nc_ohc=IHAdXGkA9CcAX-7f0j3&edm=AOG-cTkBAAAA&ccb=7-5&oh=00_AfAk1CnHRijdkfqybzk6SBSWSuI5psdEKppJedGDqkawbw&oe=639C5720&_nc_sid=282b66,false
50013317248,ritheartspeaks,RIT HEARTSPEAKS,https://instagram.fblr20-3.fna.fbcdn.net/v/t51.2885-19/255208036_126089536488432_1658769173127032147_n.jpg?stp=dst-jpg_s150x150&_nc_ht=instagram.fblr20-3.fna.fbcdn.net&_nc_cat=100&_nc_ohc=Qw7zpnUBDr8AX8A1PfK&edm=AOG-cTkBAAAA&ccb=7-5&oh=00_AfDzIJmgaiC2cKodAO-mTNGGNV_ToQ-v6XZv0fi6oC3eKA&oe=639C9F63&_nc_sid=282b66,false
4876060883,_.iampritam._,Pritam Saha,https://instagram.fblr20-1.fna.fbcdn.net/v/t51.2885-19/318022805_493735519518728_4457308106895028134_n.jpg?stp=dst-jpg_s150x150&_nc_ht=instagram.fblr20-1.fna.fbcdn.net&_nc_cat=108&_nc_ohc=xWevboFTEPUAX9_ip64&edm=AOG-cTkBAAAA&ccb=7-5&oh=00_AfAwxRzOJ3FYp3a0ELKBpUWXuPQ3eKS0EbTcnNxgI1mXbQ&oe=639DA213&_nc_sid=282b66,false
10886745419,varun7_3,‡§µ‡§∞‡•Ç‡§£,https://instagram.fblr20-3.fna.fbcdn.net/v/t51.2885-19/306354968_190158830067840_2337053274604366841_n.jpg?stp=dst-jpg_s150x150&_nc_ht=instagram.fblr20-3.fna.fbcdn.net&_nc_cat=100&_nc_ohc=Mnqn7zQuzr0AX-3qhw6&tn=0pmRzlIwJh_-kY07&edm=AOG-cTkBAAAA&ccb=7-5&oh=00_AfD5-PrX6bS94kUfqgbw-gWYbgG7p0He4_dHSjh_f3MIPw&oe=639DE54B&_nc_sid=282b66,false
45915875901,prynshu_yadav_24,,https://instagram.fblr20-2.fna.fbcdn.net/v/t51.2885-19/307415925_5466209750163998_7485505690098400008_n.jpg?stp=dst-jpg_s150x150&_nc_ht=instagram.fblr20-2.fna.fbcdn.net&_nc_cat=102&_nc_ohc=VxzEjKWUm9gAX-KyLRN&edm=AOG-cTkBAAAA&ccb=7-5&oh=00_AfDzm2ZnQlqDG82D_jJGSqHwjL9W92bOTJvxxYdzopifqA&oe=639D011E&_nc_sid=282b66,false
47795254429,aryan_k0d,Aryan Kumar,https://instagram.fblr20-1.fna.fbcdn.net/v/t51.2885-19/317183256_1112605286286765_398385688608098185_n.jpg?stp=dst-jpg_s150x150&_nc_ht=instagram.fblr20-1.fna.fbcdn.net&_nc_cat=109&_nc_ohc=itCwE326y-8AX8RKDf-&edm=AOG-cTkBAAAA&ccb=7-5&oh=00_AfBAo_T52ZkIy3zqJTdnWgNUoXZ5ZGfslAayhNdbFPYTbQ&oe=639E4397&_nc_sid=282b66,false
3672123328,oy.anand,Anand,https://instagram.fblr20-3.fna.fbcdn.net/v/t51.2885-19/274329736_658961235252555_600621337794891120_n.jpg?stp=dst-jpg_s150x150&_nc_ht=instagram.fblr20-3.fna.fbcdn.net&_nc_cat=103&_nc_ohc=Uux8McdiylcAX-pzWx8&edm=AOG-cTkBAAAA&ccb=7-5&oh=00_AfDCRV2DIXBFtMjtqRtf1WSULUFCSwovD6wPw485k8OckA&oe=639CC106&_nc_sid=282b66,false
25823820633,sigma_vii,Vivek Murthy,https://instagram.fblr20-3.fna.fbcdn.net/v/t51.2885-19/315229509_1273179416792439_3953919105773324718_n.jpg?stp=dst-jpg_s150x150&_nc_ht=instagram.fblr20-3.fna.fbcdn.net&_nc_cat=103&_nc_ohc=xmZ9amyvpZsAX80FJY6&tn=0pmRzlIwJh_-kY07&edm=AOG-cTkBAAAA&ccb=7-5&oh=00_AfDi-BRHGLLSYe-K0Di3L_wGy07B4vd9hoJxsRGPSuq4qw&oe=639DF567&_nc_sid=282b66,false
49570922777,kwaiishoots,kwaiishoots,https://instagram.fblr20-3.fna.fbcdn.net/v/t51.2885-19/242805433_4551859641502680_28953278901189903_n.jpg?stp=dst-jpg_s150x150&_nc_ht=instagram.fblr20-3.fna.fbcdn.net&_nc_cat=100&_nc_ohc=IwANPl0fmLMAX9LEJMI&edm=AOG-cTkBAAAA&ccb=7-5&oh=00_AfB0id-rncIIGyRxjuaAH9Lt897Mj4K1mnKL11ON_Gxi2g&oe=639CB586&_nc_sid=282b66,false
5629553791,kunal_jainnnn,Kunal Jain,https://instagram.fblr20-1.fna.fbcdn.net/v/t51.2885-19/218065588_318305616643222_4116118741784361533_n.jpg?stp=dst-jpg_s150x150&_nc_ht=instagram.fblr20-1.fna.fbcdn.net&_nc_cat=110&_nc_ohc=lPZHi1QwOHMAX_PIw2s&edm=AOG-cTkBAAAA&ccb=7-5&oh=00_AfA_RwOjrKjiLGjqYLwlD3cEczyV1wVDWFpoCeZOfP-noQ&oe=639C60C5&_nc_sid=282b66,false
49840217145,the_anjali_choudhury,ANJALI CHOUDHURY,https://instagram.fblr20-1.fna.fbcdn.net/v/t51.2885-19/306245520_759999871968404_2439198379078706120_n.jpg?stp=dst-jpg_s150x150&_nc_ht=instagram.fblr20-1.fna.fbcdn.net&_nc_cat=108&_nc_ohc=6ALPw2PEwIIAX-rAtE4&edm=AOG-cTkBAAAA&ccb=7-5&oh=00_AfAcI6SFyaP9KInL1S3bwU3X0YoMS8Oby19C1Ls1IAcI6w&oe=639DA108&_nc_sid=282b66,false
49939157736,krtarun28402,Tarun Kumar,https://instagram.fblr20-2.fna.fbcdn.net/v/t51.2885-19/292292438_2185733681574314_6746667077183803035_n.jpg?stp=dst-jpg_s150x150&_nc_ht=instagram.fblr20-2.fna.fbcdn.net&_nc_cat=102&_nc_ohc=YmAZYau2hssAX9bj4B7&edm=AOG-cTkBAAAA&ccb=7-5&oh=00_AfD-VvzgL8VrBMXMU2SGyIiu2HMK7E-ZhwyDiAuac7ED5Q&oe=639D5B9C&_nc_sid=282b66,false
5453815258,_abidhussain_syed,Abid Hussain,https://instagram.fblr20-2.fna.fbcdn.net/v/t51.2885-19/235765093_940123343211184_3741137379247027581_n.jpg?stp=dst-jpg_s150x150&_nc_ht=instagram.fblr20-2.fna.fbcdn.net&_nc_cat=104&_nc_ohc=P0kkyk92Ty8AX8LxBZE&edm=AOG-cTkBAAAA&ccb=7-5&oh=00_AfAh1QgKpAU_pzGX_K0fW64QDMuba0a66p4NpBL72qJOxg&oe=639D60A0&_nc_sid=282b66,false
46195789521,priyxnshu_jhx,Priyanshu Jha,https://instagram.fblr20-2.fna.fbcdn.net/v/t51.2885-19/279238898_778945129675430_5248757820913152162_n.jpg?stp=dst-jpg_s150x150&_nc_ht=instagram.fblr20-2.fna.fbcdn.net&_nc_cat=102&_nc_ohc=HQWSbvvGzWQAX8A-W6F&edm=AOG-cTkBAAAA&ccb=7-5&oh=00_AfApbXGNSgOpXxUR8ImFXy-ExstUnfWi7PqrfdinNlPjCQ&oe=639DB3F7&_nc_sid=282b66,false
45241426860,shreshtha_malviya,shreshtha,https://instagram.fblr20-3.fna.fbcdn.net/v/t51.2885-19/311878018_835759787449623_5744073608772287972_n.jpg?stp=dst-jpg_s150x150&_nc_ht=instagram.fblr20-3.fna.fbcdn.net&_nc_cat=103&_nc_ohc=9d9SJPY522MAX89EWIN&edm=AOG-cTkBAAAA&ccb=7-5&oh=00_AfCikN_0NGXoyFiUbKChtSWP5ZkN8VJ8KI8AbiAcvYVGZg&oe=639D141C&_nc_sid=282b66,false
40377163504,soumya_sidveere,SOUMYA,https://instagram.fblr20-2.fna.fbcdn.net/v/t51.2885-19/245230006_971794087013147_115026796979847393_n.jpg?stp=dst-jpg_s150x150&_nc_ht=instagram.fblr20-2.fna.fbcdn.net&_nc_cat=111&_nc_ohc=7JYG6MKf2qoAX9rsmxj&edm=AOG-cTkBAAAA&ccb=7-5&oh=00_AfDAsVAETco7Yx5ZDlv201zN7ik6mYwC12Hq3AX-7EuGKQ&oe=639E0922&_nc_sid=282b66,false
49074326562,payalkarakoti,Payal_Karakoti,https://instagram.fblr20-3.fna.fbcdn.net/v/t51.2885-19/297816428_1230090061141875_4578080738837079225_n.jpg?stp=dst-jpg_s150x150&_nc_ht=instagram.fblr20-3.fna.fbcdn.net&_nc_cat=103&_nc_ohc=ntXjpixoDKcAX8Y_TKa&edm=AOG-cTkBAAAA&ccb=7-5&oh=00_AfCu9DHDm9Tu6PP9mQyeGYLUcmpXxQ9SMdBvl5kGy24wtA&oe=639DE380&_nc_sid=282b66,false
49259963191,magnesh_7,Magnesh,https://instagram.fblr20-3.fna.fbcdn.net/v/t51.2885-19/315995482_828562105060865_4495658326950957633_n.jpg?stp=dst-jpg_s150x150&_nc_ht=instagram.fblr20-3.fna.fbcdn.net&_nc_cat=105&_nc_ohc=F0fooJwJB2AAX9o7ZdB&edm=AOG-cTkBAAAA&ccb=7-5&oh=00_AfB0rUa2abFfQXtKvki6625ChOaEzm4XUgnKPzYqBpPHxQ&oe=639E23E4&_nc_sid=282b66,false
4112015440,ketan.anand15,·¥ã·¥á·¥õ·¥Ä…¥ ·¥Ä…¥·¥Ä…¥·¥Ö,https://instagram.fblr20-1.fna.fbcdn.net/v/t51.2885-19/318982688_828312545119833_6915070900086090244_n.jpg?stp=dst-jpg_s150x150&_nc_ht=instagram.fblr20-1.fna.fbcdn.net&_nc_cat=109&_nc_ohc=D7TBESayjW0AX9zygzF&edm=AOG-cTkBAAAA&ccb=7-5&oh=00_AfDsbJ3mk5oHb18ECXguB9ibhy9rUzqNZ8cngwxYP16bGQ&oe=639CA25B&_nc_sid=282b66,false
18323672250,shashwatjhaa,Shashwat,https://instagram.fblr20-3.fna.fbcdn.net/v/t51.2885-19/318687811_1335778780572029_4343078137897805651_n.jpg?stp=dst-jpg_s150x150&_nc_ht=instagram.fblr20-3.fna.fbcdn.net&_nc_cat=105&_nc_ohc=pMu8ZGOZdr0AX8EObTg&edm=AOG-cTkBAAAA&ccb=7-5&oh=00_AfDx5dhiSzrGjaiGoxHuExe3bptNu6dxBzhOblEiOTmxQA&oe=639CF62B&_nc_sid=282b66,false
6287911249,iamshashank._,Shashank Tiwari,https://instagram.fblr20-3.fna.fbcdn.net/v/t51.2885-19/314358690_569292788292699_6897118340158405907_n.jpg?stp=dst-jpg_s150x150&_nc_ht=instagram.fblr20-3.fna.fbcdn.net&_nc_cat=103&_nc_ohc=UT1PzmWO1s0AX9ltPC7&edm=AOG-cTkBAAAA&ccb=7-5&oh=00_AfCiZL5Q5m3pxFoBnOE05KCYckV7LR9CDcZ_zQdKP20icQ&oe=639DAF16&_nc_sid=282b66,false
5730912442,yuvraj._.pandey,Yuvraj pandey,https://instagram.fblr20-1.fna.fbcdn.net/v/t51.2885-19/319724091_116930884437334_7015645931863606919_n.jpg?stp=dst-jpg_s150x150&_nc_ht=instagram.fblr20-1.fna.fbcdn.net&_nc_cat=110&_nc_ohc=0pId22hHQdQAX-fgP_L&edm=AOG-cTkBAAAA&ccb=7-5&oh=00_AfCiy6Jv7V2JH8v2t6yoWB80-EdhwPJ6Ymg6gztX8VCP9g&oe=639CC3C9&_nc_sid=282b66,false
2172132740,kushagrabhatia__,Kushagra,https://instagram.fblr20-3.fna.fbcdn.net/v/t51.2885-19/310468735_465534972265265_2878889837749503321_n.jpg?stp=dst-jpg_s150x150&_nc_ht=instagram.fblr20-3.fna.fbcdn.net&_nc_cat=105&_nc_ohc=UnkWBuktBTsAX8-x4m_&edm=AOG-cTkBAAAA&ccb=7-5&oh=00_AfB7x7g5-FsUdJ9l9JvEYS0JVfJAGtgbJbxdOkWk0G50xg&oe=639C5DEC&_nc_sid=282b66,false
48929760673,arre.anand,Anand,https://instagram.fblr20-3.fna.fbcdn.net/v/t51.2885-19/242477623_866051204041553_744364645760462117_n.jpg?stp=dst-jpg_s150x150&_nc_ht=instagram.fblr20-3.fna.fbcdn.net&_nc_cat=105&_nc_ohc=XJDFqlVpykMAX91MDly&edm=AOG-cTkBAAAA&ccb=7-5&oh=00_AfBaXFrd4ePaU8gMn7LeFots3lPOm2iH-HEa5z7ZR1DQ_Q&oe=639CA174&_nc_sid=282b66,false
4656530817,pandeysushmitkumar,Pandey Sushmit Kumar,https://instagram.fblr20-3.fna.fbcdn.net/v/t51.2885-19/130847961_115424603746165_6252421495401406268_n.jpg?stp=dst-jpg_s150x150&_nc_ht=instagram.fblr20-3.fna.fbcdn.net&_nc_cat=101&_nc_ohc=M8P-I_Aj2sUAX-ICxov&edm=AOG-cTkBAAAA&ccb=7-5&oh=00_AfDoihq3AUoAhS1OZHz-oCrm_2FA1szbaEYgYHtNkDt9hA&oe=639D16E4&_nc_sid=282b66,false
48162737469,ismfancystore,hyderabadi_storeüåàüôã‚Äç‚ôÄÔ∏è,https://instagram.fblr20-1.fna.fbcdn.net/v/t51.2885-19/218012974_118037907103233_765553449331268439_n.jpg?stp=dst-jpg_s150x150&_nc_ht=instagram.fblr20-1.fna.fbcdn.net&_nc_cat=109&_nc_ohc=GDMddApSivAAX8QmKfZ&tn=0pmRzlIwJh_-kY07&edm=AOG-cTkBAAAA&ccb=7-5&oh=00_AfCQ2_95pU6ap5dYI7WKA6JYJkq6l-N6rVDNEe5JhDtXog&oe=639CA837&_nc_sid=282b66,false
25514626507,rickysawan,Ricky Sawan,https://instagram.fblr20-3.fna.fbcdn.net/v/t51.2885-19/275334078_490870865988684_922098506129775873_n.jpg?stp=dst-jpg_s150x150&_nc_ht=instagram.fblr20-3.fna.fbcdn.net&_nc_cat=100&_nc_ohc=9mvFVEFK9hMAX-fibi1&edm=AOG-cTkBAAAA&ccb=7-5&oh=00_AfA-PiWomie4T5xB48sRWz56A9JZMIQvszisrsnTEnvTcQ&oe=639E25CD&_nc_sid=282b66,false
48500444377,itsme__bhaskar,,https://instagram.fblr20-1.fna.fbcdn.net/v/t51.2885-19/210610959_540482150432110_2316224022936269911_n.jpg?stp=dst-jpg_s150x150&_nc_ht=instagram.fblr20-1.fna.fbcdn.net&_nc_cat=110&_nc_ohc=ieldKvTPapkAX_htK8D&edm=AOG-cTkBAAAA&ccb=7-5&oh=00_AfD1YBCw-eInUTnH6iw74EHyomR1RJ59OaxNPW4Yj5m-PQ&oe=639D7215&_nc_sid=282b66,false
4781337495,this_is_sethji,Utkarsh Seth,https://instagram.fblr20-2.fna.fbcdn.net/v/t51.2885-19/299930893_1085373825446704_3150299699090851360_n.jpg?stp=dst-jpg_s150x150&_nc_ht=instagram.fblr20-2.fna.fbcdn.net&_nc_cat=104&_nc_ohc=ZHq-mKEUjTQAX_GUzaN&tn=0pmRzlIwJh_-kY07&edm=AOG-cTkBAAAA&ccb=7-5&oh=00_AfBiS8bD9XbXGm8vVAcHaEIkF1mfR6OPwA6NUvFHtyEyXQ&oe=639C8D49&_nc_sid=282b66,false
7820949940,rider_flame,Sourav Paul,https://instagram.fgau3-1.fna.fbcdn.net/v/t51.2885-19/44884218_345707102882519_2446069589734326272_n.jpg?efg=eyJybWQiOiJpZ19hbmRyb2lkX21vYmlsZV9uZXR3b3JrX3N0YWNrX3F1aWNfaGFwcHlfZXllYmFsbHNfd2l0aF9ydXNzaWE6dGlnb25fbGlnZXIifQ&_nc_ht=instagram.fgau3-1.fna.fbcdn.net&_nc_cat=1&_nc_ohc=SdGf-pQgnmIAX_s1U5J&edm=AFjyu9EBAAAA&ccb=7-5&ig_cache_key=YW5vbnltb3VzX3Byb2ZpbGVfcGlj.2-ccb7-5&oh=00_AfA5Wy6mPb5F1hGmIY14x77w_vws9IFp9OIdyNcJsmjLOg&oe=639C7D4F&_nc_sid=3fb25e,false
48147526225,baibhav1061,Harsh Kumar,https://instagram.fblr20-3.fna.fbcdn.net/v/t51.2885-19/299939677_607387897765500_4956469547320510769_n.jpg?stp=dst-jpg_s150x150&_nc_ht=instagram.fblr20-3.fna.fbcdn.net&_nc_cat=100&_nc_ohc=0HXe9sNL1poAX8v0gNM&edm=AOG-cTkBAAAA&ccb=7-5&oh=00_AfBl2JiTOzY3BF1unSh5i3EqE2X653bVtvtWqpWTGer0Xw&oe=639CE4C1&_nc_sid=282b66,false
48353673961,krrish.naa,Krishna,https://instagram.fgau3-1.fna.fbcdn.net/v/t51.2885-19/44884218_345707102882519_2446069589734326272_n.jpg?efg=eyJybWQiOiJpZ19hbmRyb2lkX21vYmlsZV9uZXR3b3JrX3N0YWNrX3F1aWNfaGFwcHlfZXllYmFsbHNfd2l0aF9ydXNzaWE6dGlnb25fbGlnZXIifQ&_nc_ht=instagram.fgau3-1.fna.fbcdn.net&_nc_cat=1&_nc_ohc=SdGf-pQgnmIAX_s1U5J&edm=AFjyu9EBAAAA&ccb=7-5&ig_cache_key=YW5vbnltb3VzX3Byb2ZpbGVfcGlj.2-ccb7-5&oh=00_AfA5Wy6mPb5F1hGmIY14x77w_vws9IFp9OIdyNcJsmjLOg&oe=639C7D4F&_nc_sid=3fb25e,false
47948231034,muzaffarpuriyans,ùï∏ùñöùñüùñÜùñãùñãùñÜùñóùñïùñöùñóùñéùñûùñÜùñìùñò,https://instagram.fblr20-1.fna.fbcdn.net/v/t51.2885-19/253871028_875497473150224_5337415717735659100_n.jpg?stp=dst-jpg_s150x150&_nc_ht=instagram.fblr20-1.fna.fbcdn.net&_nc_cat=108&_nc_ohc=-Gk9pu5QVqkAX8tSona&edm=AOG-cTkBAAAA&ccb=7-5&oh=00_AfBThRh33YUnQrNmrb-7gQIMgDnspAYniXF_cPX8qoW87w&oe=639DA8B2&_nc_sid=282b66,false
7719244451,kareembasharat,Basharat Kareem,https://instagram.fgau3-1.fna.fbcdn.net/v/t51.2885-19/44884218_345707102882519_2446069589734326272_n.jpg?efg=eyJybWQiOiJpZ19hbmRyb2lkX21vYmlsZV9uZXR3b3JrX3N0YWNrX3F1aWNfaGFwcHlfZXllYmFsbHNfd2l0aF9ydXNzaWE6dGlnb25fbGlnZXIifQ&_nc_ht=instagram.fgau3-1.fna.fbcdn.net&_nc_cat=1&_nc_ohc=SdGf-pQgnmIAX_s1U5J&edm=AFjyu9EBAAAA&ccb=7-5&ig_cache_key=YW5vbnltb3VzX3Byb2ZpbGVfcGlj.2-ccb7-5&oh=00_AfA5Wy6mPb5F1hGmIY14x77w_vws9IFp9OIdyNcJsmjLOg&oe=639C7D4F&_nc_sid=3fb25e,false
45633486560,vigyaawasthi,Vigya Awasthi,https://instagram.fblr20-1.fna.fbcdn.net/v/t51.2885-19/311602067_143447595090682_6071695621048973156_n.jpg?stp=dst-jpg_s150x150&_nc_ht=instagram.fblr20-1.fna.fbcdn.net&_nc_cat=110&_nc_ohc=FTGV_I86a4QAX9o5YJJ&edm=AOG-cTkBAAAA&ccb=7-5&oh=00_AfDtR5WtHkHAClQPrgrh1bIJWTzI5NMPqyeIXZGVBm-Xzw&oe=639E253C&_nc_sid=282b66,false
39439449203,adarsh_b25,Adarsh,https://instagram.fblr20-2.fna.fbcdn.net/v/t51.2885-19/241092208_533984817857546_1036484043956693092_n.jpg?stp=dst-jpg_s150x150&_nc_ht=instagram.fblr20-2.fna.fbcdn.net&_nc_cat=102&_nc_ohc=yx_Ur-Uo5EsAX8S2HE4&edm=AOG-cTkBAAAA&ccb=7-5&oh=00_AfAoNesF3uxo64wf0NUd00u3GeYJkqxYoJkFYOnRd9eQ5w&oe=639CFD3D&_nc_sid=282b66,false
44268628416,helloworldddheh,üí§,https://instagram.fgau3-1.fna.fbcdn.net/v/t51.2885-19/44884218_345707102882519_2446069589734326272_n.jpg?efg=eyJybWQiOiJpZ19hbmRyb2lkX21vYmlsZV9uZXR3b3JrX3N0YWNrX3F1aWNfaGFwcHlfZXllYmFsbHNfd2l0aF9ydXNzaWE6dGlnb25fbGlnZXIifQ&_nc_ht=instagram.fgau3-1.fna.fbcdn.net&_nc_cat=1&_nc_ohc=SdGf-pQgnmIAX_s1U5J&edm=AFjyu9EBAAAA&ccb=7-5&ig_cache_key=YW5vbnltb3VzX3Byb2ZpbGVfcGlj.2-ccb7-5&oh=00_AfA5Wy6mPb5F1hGmIY14x77w_vws9IFp9OIdyNcJsmjLOg&oe=639C7D4F&_nc_sid=3fb25e,false
2208596853,shreyashchandra,Shreyash Chandra,https://instagram.fblr20-1.fna.fbcdn.net/v/t51.2885-19/27892381_295544754308659_330092962824323072_n.jpg?stp=dst-jpg_s150x150&_nc_ht=instagram.fblr20-1.fna.fbcdn.net&_nc_cat=107&_nc_ohc=b32Bh_h0C6AAX-1s8Gw&edm=AOG-cTkBAAAA&ccb=7-5&oh=00_AfDg0GMRyeFbM9uzUmHgd_c4B3oL4nlVD4ybNOH1XRb9GQ&oe=639DE3C5&_nc_sid=282b66,false
46358102956,suparna_2772,suparna,https://instagram.fblr20-3.fna.fbcdn.net/v/t51.2885-19/194748892_3551357488423251_1758352032254982364_n.jpg?stp=dst-jpg_s150x150&_nc_ht=instagram.fblr20-3.fna.fbcdn.net&_nc_cat=103&_nc_ohc=mD8W91rvIE4AX8-iNT8&tn=0pmRzlIwJh_-kY07&edm=AOG-cTkBAAAA&ccb=7-5&oh=00_AfA3gzuOtVl6mWX9MjtsdQucB6bUqe8eYUsPADlNo1RcrQ&oe=639DC371&_nc_sid=282b66,false
5542074861,abhishekjhahahaha,Abhishek Jha,https://instagram.fblr20-1.fna.fbcdn.net/v/t51.2885-19/294018842_736117164291008_4549574154422392624_n.jpg?stp=dst-jpg_s150x150&_nc_ht=instagram.fblr20-1.fna.fbcdn.net&_nc_cat=108&_nc_ohc=Ua_pofkIorsAX9q52uQ&edm=AOG-cTkBAAAA&ccb=7-5&oh=00_AfCzMvIEhFQoOgQ879-S9AVv38rM4RADxYIrJ6poc2mDvA&oe=639DB862&_nc_sid=282b66,false
12536058196,ambuj_n919,Ambuj Nayan,https://instagram.fblr20-3.fna.fbcdn.net/v/t51.2885-19/271987573_1005050203752504_5468217021928479189_n.jpg?stp=dst-jpg_s150x150&_nc_ht=instagram.fblr20-3.fna.fbcdn.net&_nc_cat=100&_nc_ohc=y43OM63VMAgAX80NbmJ&tn=0pmRzlIwJh_-kY07&edm=AOG-cTkBAAAA&ccb=7-5&oh=00_AfCGsJ_lL12rl6XGw0FfAblZjBKDDVfPZPwDNVkDN2PxXg&oe=639DD0A3&_nc_sid=282b66,false
4329426410,sidthokne,Siddharth Thokne,https://instagram.fblr20-3.fna.fbcdn.net/v/t51.2885-19/318005055_110113475272121_6781985895634781865_n.jpg?stp=dst-jpg_s150x150&_nc_ht=instagram.fblr20-3.fna.fbcdn.net&_nc_cat=105&_nc_ohc=byHh_u_FzbQAX-1WtiL&edm=AOG-cTkBAAAA&ccb=7-5&oh=00_AfDtpu6J7wXfWtQqyOtRCiYxHg4Q7pchz73eOWfQXnP1XQ&oe=639D72EC&_nc_sid=282b66,false
42053047870,nithya_bharadwaj_prasad,Nithya Bharadwaj P,https://instagram.fblr20-2.fna.fbcdn.net/v/t51.2885-19/120345931_161203342315295_79810449540204646_n.jpg?stp=dst-jpg_s150x150&_nc_ht=instagram.fblr20-2.fna.fbcdn.net&_nc_cat=111&_nc_ohc=VwmiGJRP99cAX8Ol1K4&edm=AOG-cTkBAAAA&ccb=7-5&oh=00_AfD7d__2bI8kKg1_zFAqHiqy00EaQ13-EAHlapAlsLYW-Q&oe=639CC4F5&_nc_sid=282b66,false
48029443246,__akhil__dubey,Akhil,https://instagram.fblr20-2.fna.fbcdn.net/v/t51.2885-19/296585077_1265022840980942_4998409957301542011_n.jpg?stp=dst-jpg_s150x150&_nc_ht=instagram.fblr20-2.fna.fbcdn.net&_nc_cat=102&_nc_ohc=zSaulDGWVAAAX8CjRZF&tn=0pmRzlIwJh_-kY07&edm=AOG-cTkBAAAA&ccb=7-5&oh=00_AfA6By_Gp_qMOD4IDnNQX92xgx6JNuCrgwapEXb3YWVeqw&oe=639CFBC8&_nc_sid=282b66,false
47407708668,_abhinnavv,Abhinav,https://instagram.fgau3-1.fna.fbcdn.net/v/t51.2885-19/44884218_345707102882519_2446069589734326272_n.jpg?efg=eyJybWQiOiJpZ19hbmRyb2lkX21vYmlsZV9uZXR3b3JrX3N0YWNrX3F1aWNfaGFwcHlfZXllYmFsbHNfd2l0aF9ydXNzaWE6dGlnb25fbGlnZXIifQ&_nc_ht=instagram.fgau3-1.fna.fbcdn.net&_nc_cat=1&_nc_ohc=SdGf-pQgnmIAX_s1U5J&edm=AFjyu9EBAAAA&ccb=7-5&ig_cache_key=YW5vbnltb3VzX3Byb2ZpbGVfcGlj.2-ccb7-5&oh=00_AfA5Wy6mPb5F1hGmIY14x77w_vws9IFp9OIdyNcJsmjLOg&oe=639C7D4F&_nc_sid=3fb25e,false
8435728860,paridhi243_,ùìüùì™ùìªùì≤ùì≠ùì±ùì≤ ùìêùìªùì∏ùìªùì™,https://instagram.fblr20-2.fna.fbcdn.net/v/t51.2885-19/317032153_5709250869122886_821918738169790531_n.jpg?stp=dst-jpg_s150x150&_nc_ht=instagram.fblr20-2.fna.fbcdn.net&_nc_cat=106&_nc_ohc=_LEF30iCrj4AX-k9OD4&edm=AOG-cTkBAAAA&ccb=7-5&oh=00_AfDeub84OzJEHJIVAiqEIeVug1pyJCcsQCz2KbHgYXhbsg&oe=639C50BA&_nc_sid=282b66,false
44669674145,pranav_.__10._,Pranav Jyotishi,https://instagram.fblr20-3.fna.fbcdn.net/v/t51.2885-19/314668302_504500008368137_9078526195263853956_n.jpg?stp=dst-jpg_s150x150&_nc_ht=instagram.fblr20-3.fna.fbcdn.net&_nc_cat=105&_nc_ohc=_KuS0oN4dWsAX_6c9Qs&tn=0pmRzlIwJh_-kY07&edm=AOG-cTkBAAAA&ccb=7-5&oh=00_AfCUFT2rY-8tOkQLpruAjfsuC0XWm_bwPWcgFzAdTcG7lQ&oe=639D8C3A&_nc_sid=282b66,false
16974139148,sanskar._.mishra,Sanskar Mishra,https://instagram.fblr20-1.fna.fbcdn.net/v/t51.2885-19/290083349_1495415537544487_1863095335411406212_n.jpg?stp=dst-jpg_s150x150&_nc_ht=instagram.fblr20-1.fna.fbcdn.net&_nc_cat=107&_nc_ohc=PW4NzccsYMEAX9o35n1&tn=0pmRzlIwJh_-kY07&edm=AOG-cTkBAAAA&ccb=7-5&oh=00_AfAIXEnrKmcIkBtL3x76XNkE9SplDO1iflkEXWqdOLjsYQ&oe=639C656E&_nc_sid=282b66,false
28109257755,avish_juneja_11,Avish Juneja,https://instagram.fblr20-2.fna.fbcdn.net/v/t51.2885-19/82306443_228725698134880_1024877371188051968_n.jpg?stp=dst-jpg_s150x150&_nc_ht=instagram.fblr20-2.fna.fbcdn.net&_nc_cat=104&_nc_ohc=LTcUGIp1lgYAX-842aj&tn=0pmRzlIwJh_-kY07&edm=AOG-cTkBAAAA&ccb=7-5&oh=00_AfBipQAbOqqXPTcRaify2CiJiv0pfF3rrTEWeSfU3pEy5g&oe=639DD1E2&_nc_sid=282b66,false
39131068575,shobhitjaiswal_,ùêíùê°ùê®ùêõùê°ùê¢ùê≠ ùêâùêöùê¢ùê¨ùê∞ùêöùê•,https://instagram.fblr20-2.fna.fbcdn.net/v/t51.2885-19/299584716_615458603312702_1984192980325220560_n.jpg?stp=dst-jpg_s150x150&_nc_ht=instagram.fblr20-2.fna.fbcdn.net&_nc_cat=102&_nc_ohc=kb1V3aOJrRcAX-fZuhX&edm=AOG-cTkBAAAA&ccb=7-5&oh=00_AfCgRT9fqaRs1ExLtlVqEJkKyodHVSvNSy1O_FQHmzmNLQ&oe=639D5D84&_nc_sid=282b66,false
1538389831,samridhi_,Samridhi Gupta,https://instagram.fblr20-2.fna.fbcdn.net/v/t51.2885-19/318620409_552328622987522_4120306852794718789_n.jpg?stp=dst-jpg_s150x150&_nc_ht=instagram.fblr20-2.fna.fbcdn.net&_nc_cat=102&_nc_ohc=HEcnSV9o3hsAX8oXngl&tn=0pmRzlIwJh_-kY07&edm=AOG-cTkBAAAA&ccb=7-5&oh=00_AfDX3lhP_1qDikhkBfC4m-Tyxh5TTdIxQgthAIOAy8bjig&oe=639CE874&_nc_sid=282b66,false
4036876612,rishabh_since001,|| ‡§ãÃá‡§∑Ãá‡§≠Ãá ||,https://instagram.fblr20-1.fna.fbcdn.net/v/t51.2885-19/314984248_3065161937107136_4051073843655792924_n.jpg?stp=dst-jpg_s150x150&_nc_ht=instagram.fblr20-1.fna.fbcdn.net&_nc_cat=108&_nc_ohc=wYniL055kggAX8hTqG7&edm=AOG-cTkBAAAA&ccb=7-5&oh=00_AfDGcJn2ciFTUHu8EqN-SoSN86nSVdqcvr8jYadHGi9PiQ&oe=639CEE51&_nc_sid=282b66,false
4237946550,riyav252,Riya Vijapure,https://instagram.fblr20-1.fna.fbcdn.net/v/t51.2885-19/307324814_1156243771967756_7073776846729209836_n.jpg?stp=dst-jpg_s150x150&_nc_ht=instagram.fblr20-1.fna.fbcdn.net&_nc_cat=108&_nc_ohc=x8FPALQ2_MUAX_wPKEh&edm=AOG-cTkBAAAA&ccb=7-5&oh=00_AfC2yJEzsfgx76VhzentrypQhUueuApPhwCstGfGZmuoXw&oe=639D8EBE&_nc_sid=282b66,false
46741692825,chand_ankumar1992,Chandan Kumar,https://instagram.fblr20-1.fna.fbcdn.net/v/t51.2885-19/167208328_265795341857479_7259277040377806114_n.jpg?stp=dst-jpg_s150x150&_nc_ht=instagram.fblr20-1.fna.fbcdn.net&_nc_cat=107&_nc_ohc=yUz1N0KD1i8AX9N46SD&edm=AOG-cTkBAAAA&ccb=7-5&oh=00_AfCztMOrqQ1gFTTKVCLkOZJQ5rmEHYBfDTyYMFbfijaaxg&oe=639DC7CD&_nc_sid=282b66,false
47164372454,__._mr_._unknown_._,,https://instagram.fblr20-1.fna.fbcdn.net/v/t51.2885-19/170770093_927801517973792_4231549514601432813_n.jpg?stp=dst-jpg_s150x150&_nc_ht=instagram.fblr20-1.fna.fbcdn.net&_nc_cat=108&_nc_ohc=LG_3tcJIPgUAX8ip21f&tn=0pmRzlIwJh_-kY07&edm=AOG-cTkBAAAA&ccb=7-5&oh=00_AfB2uE5NjJCfTkqzvUVpfuz8Ffjg_r9BQNmuViFOkaujkw&oe=639CA676&_nc_sid=282b66,false
38463867954,architha_josh,ARCHITHA JOSH,https://instagram.fblr20-3.fna.fbcdn.net/v/t51.2885-19/290251039_552615813259129_5765713732373331759_n.jpg?stp=dst-jpg_s150x150&_nc_ht=instagram.fblr20-3.fna.fbcdn.net&_nc_cat=101&_nc_ohc=cm7WkyQ5Z04AX-YD4c5&edm=AOG-cTkBAAAA&ccb=7-5&oh=00_AfBe4TvBMcteEhK0hvMTiVE4deP-F0KuQcC6YARPrFGfjg&oe=639DF8AE&_nc_sid=282b66,false
7786426782,shiva_03__11,Shiva,https://instagram.fblr20-3.fna.fbcdn.net/v/t51.2885-19/316600797_1325464844859901_4119630001417139550_n.jpg?stp=dst-jpg_s150x150&_nc_ht=instagram.fblr20-3.fna.fbcdn.net&_nc_cat=101&_nc_ohc=mdEIt54huSUAX9F5gnX&edm=AOG-cTkBAAAA&ccb=7-5&oh=00_AfCJtRTVczVjpxMMoF_Hw43eTX5h93-ZyzffkCmjPXVPng&oe=639E31B9&_nc_sid=282b66,false
47081768976,rittesh.17,RITESH BHARDWAJ,https://instagram.fblr20-1.fna.fbcdn.net/v/t51.2885-19/298750524_148860947765985_5131992245488547279_n.jpg?stp=dst-jpg_s150x150&_nc_ht=instagram.fblr20-1.fna.fbcdn.net&_nc_cat=109&_nc_ohc=p0iO6MRiYOEAX8nZVIf&edm=AOG-cTkBAAAA&ccb=7-5&oh=00_AfAoRCAP7BhLPlORVYKWUsaI-KudUmpC3vvabfi0acWAqw&oe=639E15CC&_nc_sid=282b66,false
29838470298,rahul_rider_king_of_bela,Rahul Kumar,https://instagram.fblr20-2.fna.fbcdn.net/v/t51.2885-19/308320848_1158404138137456_3745024731425820670_n.jpg?stp=dst-jpg_s150x150&_nc_ht=instagram.fblr20-2.fna.fbcdn.net&_nc_cat=104&_nc_ohc=wWi2siXItOoAX-WOi2S&edm=AOG-cTkBAAAA&ccb=7-5&oh=00_AfAe8gCZq9tKNiBWN2rJ2kVViq3ktzmQ72mwPSG8sQaE3Q&oe=639D36B7&_nc_sid=282b66,false
42412959871,payal_karakoti_,payal karakoti,https://instagram.fblr20-2.fna.fbcdn.net/v/t51.2885-19/233746794_1453479118369072_8609093860762914598_n.jpg?stp=dst-jpg_s150x150&_nc_ht=instagram.fblr20-2.fna.fbcdn.net&_nc_cat=104&_nc_ohc=y4tDqkf2bxYAX_4bx0B&edm=AOG-cTkBAAAA&ccb=7-5&oh=00_AfCw9GdmouGMtX3i6MVZ6AlCB8YbWtl25qQyLmQTqaEaAw&oe=639CEA58&_nc_sid=282b66,false
11877260063,_ishaan___singh_,ISHAAN SINGH,https://instagram.fblr20-3.fna.fbcdn.net/v/t51.2885-19/294565617_366343835464717_8150201538387592070_n.jpg?stp=dst-jpg_s150x150&_nc_ht=instagram.fblr20-3.fna.fbcdn.net&_nc_cat=101&_nc_ohc=A8pm8o7IcDgAX9TtKFi&tn=0pmRzlIwJh_-kY07&edm=AOG-cTkBAAAA&ccb=7-5&oh=00_AfB9XKNwA3Yu3GjDluQsWgO8S3p0VBvTRT_ieLGuJ7Aq9w&oe=639DDB06&_nc_sid=282b66,false
3525743594,aryanvats_21,Aryan vats,https://instagram.fgau1-2.fna.fbcdn.net/v/t51.2885-19/44884218_345707102882519_2446069589734326272_n.jpg?_nc_ht=instagram.fgau1-2.fna.fbcdn.net&_nc_cat=1&_nc_ohc=SdGf-pQgnmIAX-IEQ0G&edm=ALlQn9MBAAAA&ccb=7-5&ig_cache_key=YW5vbnltb3VzX3Byb2ZpbGVfcGlj.2-ccb7-5&oh=00_AfBunFGgv2EuFhzQ4VvsdaYV39tePEfeTL4MYk2v3H7zBg&oe=639C7D4F&_nc_sid=48a2a6,false
1317527935,shikhar_.shah,Shikhar Shah,https://instagram.fblr20-2.fna.fbcdn.net/v/t51.2885-19/315084155_647468523721283_6827091622164278067_n.jpg?stp=dst-jpg_s150x150&_nc_ht=instagram.fblr20-2.fna.fbcdn.net&_nc_cat=111&_nc_ohc=IVBF-0OAbtkAX_A-2jH&edm=AOG-cTkBAAAA&ccb=7-5&oh=00_AfCxz7tIV44Zc_5QuvmiTVjRYq1jwD2PN7cIBf2cF8J6MQ&oe=639C84D4&_nc_sid=282b66,false
4964929985,avaneesh_ray,Avaneesh Ray,https://instagram.fblr20-3.fna.fbcdn.net/v/t51.2885-19/318231714_186456550596701_8536224727213274620_n.jpg?stp=dst-jpg_s150x150&_nc_ht=instagram.fblr20-3.fna.fbcdn.net&_nc_cat=105&_nc_ohc=SYVb38RbawwAX-kPiZm&edm=AOG-cTkBAAAA&ccb=7-5&oh=00_AfDtKqiJuRZdA3ZibphuKwtFjrmJ10fcp8YH3Mjb_pqGYg&oe=639CB4F1&_nc_sid=282b66,false
7101815616,ammrittesh,Amritesh,https://instagram.fblr20-1.fna.fbcdn.net/v/t51.2885-19/318573603_150382414412419_4046870422163757177_n.jpg?stp=dst-jpg_s150x150&_nc_ht=instagram.fblr20-1.fna.fbcdn.net&_nc_cat=107&_nc_ohc=GMyMV_FJC_8AX-yncnN&edm=AOG-cTkBAAAA&ccb=7-5&oh=00_AfDTIVqYWpghwUt8Dpv9wSRXoPWQfdqOmOsXz9cvLtELpg&oe=639CCADA&_nc_sid=282b66,false
45809938610,_chaithra_gp_,chaithra,https://instagram.fblr20-3.fna.fbcdn.net/v/t51.2885-19/280197039_1213290836084547_2208792214995525329_n.jpg?stp=dst-jpg_s150x150&_nc_ht=instagram.fblr20-3.fna.fbcdn.net&_nc_cat=103&_nc_ohc=xWnVhpFqfpEAX_JIZzj&edm=AOG-cTkBAAAA&ccb=7-5&oh=00_AfCuo-VdRSsCPKxXOlDk8g_DzjAsd2ebinhh7maCGC-0HQ&oe=639CE208&_nc_sid=282b66,false
17524089500,_muhammad_safwaan_,K Muhammad Safwaan,https://instagram.fblr20-1.fna.fbcdn.net/v/t51.2885-19/297074948_5530472446975376_7170846754421144938_n.jpg?stp=dst-jpg_s150x150&_nc_ht=instagram.fblr20-1.fna.fbcdn.net&_nc_cat=108&_nc_ohc=qb6AuX6ZgiIAX_wD-a3&tn=0pmRzlIwJh_-kY07&edm=AOG-cTkBAAAA&ccb=7-5&oh=00_AfAZhVfQe6nNQ826T-43SXhSYV0VHY82sxOqGuqmjrMvkQ&oe=639E2482&_nc_sid=282b66,false
10473489846,shreyankhp,shreyank,https://instagram.fblr20-2.fna.fbcdn.net/v/t51.2885-19/277800998_1121418338642754_104066778415715494_n.jpg?stp=dst-jpg_s150x150&_nc_ht=instagram.fblr20-2.fna.fbcdn.net&_nc_cat=106&_nc_ohc=G2Wgh1-Ob34AX9ublii&edm=AOG-cTkBAAAA&ccb=7-5&oh=00_AfAtHdPUb0sOngprlXLCE--ZYJCJM2sD91XRHlqFnf9XMg&oe=639E08A3&_nc_sid=282b66,false
38540455144,impiyushraj_,‡§™‡•Ä‡§Ø‡•Ç‡§∑ ‡§∞‡§æ‡§úüáÆüá≥,https://instagram.fblr20-3.fna.fbcdn.net/v/t51.2885-19/297801049_3208313129442876_1901728984961120137_n.jpg?stp=dst-jpg_s150x150&_nc_ht=instagram.fblr20-3.fna.fbcdn.net&_nc_cat=100&_nc_ohc=LC2ZxhfX_MEAX9aaBFP&edm=AOG-cTkBAAAA&ccb=7-5&oh=00_AfAE7ORaZEs9FD7xi3dQI3ZXpDq3NEqzJ4yqVcEsB8tGLw&oe=639DA5B9&_nc_sid=282b66,false
5469898474,saar_1106,Sarthak sahu,https://instagram.fblr20-1.fna.fbcdn.net/v/t51.2885-19/277700040_395329721981830_8280059411384110274_n.jpg?stp=dst-jpg_s150x150&_nc_ht=instagram.fblr20-1.fna.fbcdn.net&_nc_cat=110&_nc_ohc=_rAqYqDYbL0AX-0C2sD&edm=AOG-cTkBAAAA&ccb=7-5&oh=00_AfBOQcOkrOwrs-BVhV_1w64yMt4C9PC3APW8lODsMyhEFg&oe=639C88EC&_nc_sid=282b66,false
2993931772,preethm_paul,Preethm Paul‚ú®,https://instagram.fblr20-1.fna.fbcdn.net/v/t51.2885-19/272394360_982176962382765_5123220629105741470_n.jpg?stp=dst-jpg_s150x150&_nc_ht=instagram.fblr20-1.fna.fbcdn.net&_nc_cat=109&_nc_ohc=UzNRVjI_sV4AX8BDfzf&edm=AOG-cTkBAAAA&ccb=7-5&oh=00_AfDJCvQuqL4tOkE6RG0pY1G9ZX-HDJ8r9bl6iudCNZRZfA&oe=639E34CA&_nc_sid=282b66,false
4952560395,_.tanyaa.__,Tanya Arora,https://instagram.fblr20-2.fna.fbcdn.net/v/t51.2885-19/318226795_147454554753122_3641846757560165503_n.jpg?stp=dst-jpg_s150x150&_nc_ht=instagram.fblr20-2.fna.fbcdn.net&_nc_cat=102&_nc_ohc=EoXPjKg2oN8AX8-4a8p&tn=0pmRzlIwJh_-kY07&edm=AOG-cTkBAAAA&ccb=7-5&oh=00_AfB1q71YS5UOVGkZVGFi1Ub_b-3mC4yOSlDbfkYpOB4XGw&oe=639DE042&_nc_sid=282b66,false
9028045151,rupesh_kmr_,Rupesh,https://instagram.fblr20-2.fna.fbcdn.net/v/t51.2885-19/142155408_192830169241619_7263846300210719521_n.jpg?stp=dst-jpg_s150x150&_nc_ht=instagram.fblr20-2.fna.fbcdn.net&_nc_cat=111&_nc_ohc=NnTpPw1Yo7EAX870E2-&edm=AOG-cTkBAAAA&ccb=7-5&oh=00_AfAaycMwvipUV5-IttUy3GlFJLYD2CWJDKcobNkmnlWBnQ&oe=639CD7D6&_nc_sid=282b66,false
8517806042,shaan.tii,Shantanu Tiwari,https://instagram.fblr20-2.fna.fbcdn.net/v/t51.2885-19/274577644_3053573944907490_3889237218915416977_n.jpg?stp=dst-jpg_s150x150&_nc_ht=instagram.fblr20-2.fna.fbcdn.net&_nc_cat=106&_nc_ohc=EAqszSmM_XgAX_0GPvi&edm=AOG-cTkBAAAA&ccb=7-5&oh=00_AfDlJCFEe40eX-6USw08r_kVfH8Z-iT7B1xWmx4ECP5jIw&oe=639DF338&_nc_sid=282b66,false
45685409422,bebykumari197,Rishabh,https://instagram.fgau1-2.fna.fbcdn.net/v/t51.2885-19/44884218_345707102882519_2446069589734326272_n.jpg?_nc_ht=instagram.fgau1-2.fna.fbcdn.net&_nc_cat=1&_nc_ohc=SdGf-pQgnmIAX-IEQ0G&edm=ALlQn9MBAAAA&ccb=7-5&ig_cache_key=YW5vbnltb3VzX3Byb2ZpbGVfcGlj.2-ccb7-5&oh=00_AfBunFGgv2EuFhzQ4VvsdaYV39tePEfeTL4MYk2v3H7zBg&oe=639C7D4F&_nc_sid=48a2a6,false
43335709022,aditi.mishra.1439,Aditi Mishra,https://instagram.fgau1-2.fna.fbcdn.net/v/t51.2885-19/44884218_345707102882519_2446069589734326272_n.jpg?_nc_ht=instagram.fgau1-2.fna.fbcdn.net&_nc_cat=1&_nc_ohc=SdGf-pQgnmIAX-IEQ0G&edm=ALlQn9MBAAAA&ccb=7-5&ig_cache_key=YW5vbnltb3VzX3Byb2ZpbGVfcGlj.2-ccb7-5&oh=00_AfBunFGgv2EuFhzQ4VvsdaYV39tePEfeTL4MYk2v3H7zBg&oe=639C7D4F&_nc_sid=48a2a6,false
24339499956,adit.ya7260,Aditya raj,https://instagram.fgau1-2.fna.fbcdn.net/v/t51.2885-19/44884218_345707102882519_2446069589734326272_n.jpg?_nc_ht=instagram.fgau1-2.fna.fbcdn.net&_nc_cat=1&_nc_ohc=SdGf-pQgnmIAX-IEQ0G&edm=ALlQn9MBAAAA&ccb=7-5&ig_cache_key=YW5vbnltb3VzX3Byb2ZpbGVfcGlj.2-ccb7-5&oh=00_AfBunFGgv2EuFhzQ4VvsdaYV39tePEfeTL4MYk2v3H7zBg&oe=639C7D4F&_nc_sid=48a2a6,false
2234835464,sauvik2103,Souvik Das,https://instagram.fblr20-1.fna.fbcdn.net/v/t51.2885-19/315973676_931315011184641_8873895202915947094_n.jpg?stp=dst-jpg_s150x150&_nc_ht=instagram.fblr20-1.fna.fbcdn.net&_nc_cat=109&_nc_ohc=DEOfCNdM00EAX8zGGsz&edm=AOG-cTkBAAAA&ccb=7-5&oh=00_AfD6lHaF2rcsMn9v4dS9N4WkslcsE2V9RD6JeZpg9Mossw&oe=639E37E9&_nc_sid=282b66,false
46414737208,penwriter2021,,https://instagram.fgau1-2.fna.fbcdn.net/v/t51.2885-19/44884218_345707102882519_2446069589734326272_n.jpg?_nc_ht=instagram.fgau1-2.fna.fbcdn.net&_nc_cat=1&_nc_ohc=SdGf-pQgnmIAX-IEQ0G&edm=ALlQn9MBAAAA&ccb=7-5&ig_cache_key=YW5vbnltb3VzX3Byb2ZpbGVfcGlj.2-ccb7-5&oh=00_AfBunFGgv2EuFhzQ4VvsdaYV39tePEfeTL4MYk2v3H7zBg&oe=639C7D4F&_nc_sid=48a2a6,false
6344964961,arjunsingh84,Arjun Singh,https://instagram.fblr20-2.fna.fbcdn.net/v/t51.2885-19/283137249_550876509938776_2217360593824200003_n.jpg?stp=dst-jpg_s150x150&_nc_ht=instagram.fblr20-2.fna.fbcdn.net&_nc_cat=104&_nc_ohc=v4wvlr4-IlIAX9e97Pm&edm=AOG-cTkBAAAA&ccb=7-5&oh=00_AfDl5njJRVF1jupkSNZVcWi1fY1Q3odfZr6SzgVxHrddXg&oe=639CAE69&_nc_sid=282b66,false
19685569393,rithikdj,rithik d jain,https://instagram.fgau1-2.fna.fbcdn.net/v/t51.2885-19/44884218_345707102882519_2446069589734326272_n.jpg?_nc_ht=instagram.fgau1-2.fna.fbcdn.net&_nc_cat=1&_nc_ohc=SdGf-pQgnmIAX-IEQ0G&edm=ALlQn9MBAAAA&ccb=7-5&ig_cache_key=YW5vbnltb3VzX3Byb2ZpbGVfcGlj.2-ccb7-5&oh=00_AfBunFGgv2EuFhzQ4VvsdaYV39tePEfeTL4MYk2v3H7zBg&oe=639C7D4F&_nc_sid=48a2a6,false
13843787019,_aa_k_a_sh_,‡§Ü‡§ï‡§æ‡§∂ ‡§¨‡§Ç‡§ú‡§æ‡§∞‡§æ ‚ö°Ô∏è,https://instagram.fblr20-1.fna.fbcdn.net/v/t51.2885-19/314719631_434527585527956_4704327440220671918_n.jpg?stp=dst-jpg_s150x150&_nc_ht=instagram.fblr20-1.fna.fbcdn.net&_nc_cat=108&_nc_ohc=GxIBcTdpQ4gAX_GKMcf&tn=0pmRzlIwJh_-kY07&edm=AOG-cTkBAAAA&ccb=7-5&oh=00_AfBnvA6exn5mKdv-2Bse626kNZ56HWmB7cuRE2CGY6bvLA&oe=639CF404&_nc_sid=282b66,false
31740201398,_sumita__sinha,Sumita sinha,https://instagram.fblr20-2.fna.fbcdn.net/v/t51.2885-19/89637232_2799490610120164_400804651550638080_n.jpg?stp=dst-jpg_s150x150&_nc_ht=instagram.fblr20-2.fna.fbcdn.net&_nc_cat=104&_nc_ohc=8yhWjghFjzIAX9P0K4V&edm=AOG-cTkBAAAA&ccb=7-5&oh=00_AfCPq444LgoQ5rFiW2Hs7pqEfNuE12N_q7G_4cjItF6JjQ&oe=639D290B&_nc_sid=282b66,false
43953191679,namada_tamada,Palak Gurudev,https://instagram.fblr20-3.fna.fbcdn.net/v/t51.2885-19/274050802_1012920626241841_8521011857898352017_n.jpg?stp=dst-jpg_s150x150&_nc_ht=instagram.fblr20-3.fna.fbcdn.net&_nc_cat=101&_nc_ohc=ejzpcnBXerYAX80hQmw&edm=AOG-cTkBAAAA&ccb=7-5&oh=00_AfDv7CEy4XOTrUgvv49U3CQKvSgHmDOs7D8e4WJic2H-jQ&oe=639DC332&_nc_sid=282b66,false
5420103247,vedant_599,Vedant Arya,https://instagram.fblr20-3.fna.fbcdn.net/v/t51.2885-19/316143092_3330304827185965_2558214802393432782_n.jpg?stp=dst-jpg_s150x150&_nc_ht=instagram.fblr20-3.fna.fbcdn.net&_nc_cat=101&_nc_ohc=mFl5EMuzqrMAX_NpULm&edm=AOG-cTkBAAAA&ccb=7-5&oh=00_AfDQMNDz8Ig-n2yR-P3z5NO3UpUu0KcWdxplV9ZNsQqwDA&oe=639D983F&_nc_sid=282b66,false
3559580057,_shahishivam_,|| ‡§∂‡§ø‡§µ‡§Æ ‡§∂‡§æ‡§π‡•Ä ||,https://instagram.fblr20-3.fna.fbcdn.net/v/t51.2885-19/298113909_2870493456589397_8203695762756373993_n.jpg?stp=dst-jpg_s150x150&_nc_ht=instagram.fblr20-3.fna.fbcdn.net&_nc_cat=105&_nc_ohc=tNQY-QUbfCEAX-9Xz3A&edm=AOG-cTkBAAAA&ccb=7-5&oh=00_AfCFQdOhaWQK0iUdggUHlPUdD2S9l_cZirK5PrY4gBHRiQ&oe=639D2736&_nc_sid=282b66,false
46363771639,dhruv__752,Dhruv Pratap Singh,https://instagram.fblr20-1.fna.fbcdn.net/v/t51.2885-19/170299661_764358820936798_2761889483689508000_n.jpg?stp=dst-jpg_s150x150&_nc_ht=instagram.fblr20-1.fna.fbcdn.net&_nc_cat=110&_nc_ohc=5ktRwNOiOREAX89H8f6&tn=0pmRzlIwJh_-kY07&edm=AOG-cTkBAAAA&ccb=7-5&oh=00_AfD_B1GxitCdAUQDzGmil_6zsGfaQM2X_37IsAozz3obGg&oe=639DA687&_nc_sid=282b66,false
31613142418,muzammil.0206,Muzammil Bagewadi,https://instagram.fblr20-1.fna.fbcdn.net/v/t51.2885-19/317259313_826696481785964_7353555851261410888_n.jpg?stp=dst-jpg_s150x150&_nc_ht=instagram.fblr20-1.fna.fbcdn.net&_nc_cat=108&_nc_ohc=hFEQhkwf0g0AX9uAYsX&edm=AOG-cTkBAAAA&ccb=7-5&oh=00_AfAnnKzZO_Pn1Nv5tFk0Je8GYpdvazXQ5Srj8WAunzOYMA&oe=639D2A5E&_nc_sid=282b66,false
4783776784,_nikhil_chode_,N I K H I L,https://instagram.fblr20-3.fna.fbcdn.net/v/t51.2885-19/277854515_967223650637712_6726525679676990693_n.jpg?stp=dst-jpg_s150x150&_nc_ht=instagram.fblr20-3.fna.fbcdn.net&_nc_cat=100&_nc_ohc=ThzTFxbaxkwAX-wp1dz&edm=AOG-cTkBAAAA&ccb=7-5&oh=00_AfAx8nOPNcC_wNeJDQVqcSLK8XkqiOfOfMGe-qYtdfgZHQ&oe=639D77A9&_nc_sid=282b66,false
27633707585,rishabh13tiwari,Rishabh Tiwari,https://instagram.fblr20-2.fna.fbcdn.net/v/t51.2885-19/272765215_967567393863220_1831243392618683541_n.jpg?stp=dst-jpg_s150x150&_nc_ht=instagram.fblr20-2.fna.fbcdn.net&_nc_cat=104&_nc_ohc=kaS7plAmWGYAX_Cg_XX&edm=AOG-cTkBAAAA&ccb=7-5&oh=00_AfCSSf6boOqAlbfAq6htDtuh3FqdIQnAO_acDRPvvcniYw&oe=639C6EAA&_nc_sid=282b66,false
4754926261,tarun_hittalamani,Tarun_H,https://instagram.fblr20-3.fna.fbcdn.net/v/t51.2885-19/281865921_768368447483809_7437824421457215953_n.jpg?stp=dst-jpg_s150x150&_nc_ht=instagram.fblr20-3.fna.fbcdn.net&_nc_cat=101&_nc_ohc=QBH1WLd0cbUAX9GS9Wo&tn=0pmRzlIwJh_-kY07&edm=AOG-cTkBAAAA&ccb=7-5&oh=00_AfCjypQin6DQKuUyHYxsrnfPBecLzoLqdXAfS4N8tBDqHA&oe=639C7D44&_nc_sid=282b66,false
2242721025,himeek18,HIMEEK18,https://instagram.fblr20-2.fna.fbcdn.net/v/t51.2885-19/261375577_116847494150870_2656036628569949379_n.jpg?stp=dst-jpg_s150x150&_nc_ht=instagram.fblr20-2.fna.fbcdn.net&_nc_cat=102&_nc_ohc=x8nHfXUjalgAX80aYn-&edm=AOG-cTkBAAAA&ccb=7-5&oh=00_AfD9_cbmZ_yOFcsfp_Yv8Ijp8wv_TrlHP4dYfBIS9IJOOg&oe=639CDFAD&_nc_sid=282b66,false
13014072635,kmanjunath_03,KÃ∂ Ã∂MÃ∂AÃ∂NÃ∂JÃ∂UÃ∂NÃ∂AÃ∂TÃ∂HÃ∂,https://instagram.fblr20-1.fna.fbcdn.net/v/t51.2885-19/247058864_617317915930975_1627360002896859376_n.jpg?stp=dst-jpg_s150x150&_nc_ht=instagram.fblr20-1.fna.fbcdn.net&_nc_cat=107&_nc_ohc=HbIAk5r4Q8IAX-U86jl&tn=0pmRzlIwJh_-kY07&edm=AOG-cTkBAAAA&ccb=7-5&oh=00_AfBDXZ8dTC1TUuDvVJsvKWiBwZmXWR7OJjzSCnnkvKukAA&oe=639DBCED&_nc_sid=282b66,false
14254331233,charu_____7,Charu Chandra  Chauhan,https://instagram.fblr20-1.fna.fbcdn.net/v/t51.2885-19/300029317_1150608342156058_224818769376340927_n.jpg?stp=dst-jpg_s150x150&_nc_ht=instagram.fblr20-1.fna.fbcdn.net&_nc_cat=110&_nc_ohc=SUr-A4KjIZoAX9sfwkE&edm=AOG-cTkBAAAA&ccb=7-5&oh=00_AfCpJ_m0UEGuhXOX9UdJATO5cLJzTiFUBoWCaJX1wqjpGA&oe=639DFCE0&_nc_sid=282b66,false
6892795514,vatsal_ig,Vatsal Agarwal,https://instagram.fblr20-1.fna.fbcdn.net/v/t51.2885-19/297707805_5275217429234829_7263569585753136759_n.jpg?stp=dst-jpg_s150x150&_nc_ht=instagram.fblr20-1.fna.fbcdn.net&_nc_cat=109&_nc_ohc=RlMS6qhQWTMAX9uA9ZD&edm=AOG-cTkBAAAA&ccb=7-5&oh=00_AfAoCig7SKqXnjVAX-UEAODlY3v4-aLzpxcXnONThbGhtQ&oe=639CCB9A&_nc_sid=282b66,false
45503942858,saarthak_kapoor,Saarthak Kapoor,https://instagram.fblr20-3.fna.fbcdn.net/v/t51.2885-19/319076259_726993585065849_3019920258564091318_n.jpg?stp=dst-jpg_s150x150&_nc_ht=instagram.fblr20-3.fna.fbcdn.net&_nc_cat=105&_nc_ohc=sK7Ko4JJ2PgAX9s0KXl&edm=AOG-cTkBAAAA&ccb=7-5&oh=00_AfAHJBJjBLAXerOdSjoOyg1nMeMMIMT8054ROlYuXUwy_Q&oe=639D4764&_nc_sid=282b66,false
3693447161,divyansh_dhaka_,Divyansh Singh Dhaka,https://instagram.fblr20-2.fna.fbcdn.net/v/t51.2885-19/314269301_965510984816106_9134445718051525833_n.jpg?stp=dst-jpg_s150x150&_nc_ht=instagram.fblr20-2.fna.fbcdn.net&_nc_cat=106&_nc_ohc=8YchkPpqApcAX-YKRtf&tn=0pmRzlIwJh_-kY07&edm=AOG-cTkBAAAA&ccb=7-5&oh=00_AfCujtnlYeoOEXI8JuGUXNpRNcu7PYoVTpIFzKLqEaLPUA&oe=639D3A46&_nc_sid=282b66,false
36293474727,_foodclan_,Foodclan | Food Blogger,https://instagram.fblr20-1.fna.fbcdn.net/v/t51.2885-19/119177339_2690811401182401_3286901290039329004_n.jpg?stp=dst-jpg_s150x150&_nc_ht=instagram.fblr20-1.fna.fbcdn.net&_nc_cat=109&_nc_ohc=DJDK5kScXpgAX8d6jPo&edm=AOG-cTkBAAAA&ccb=7-5&oh=00_AfDHPfJ4SrKqgpiTgK5GH63nNuiOkerSC_HzIacwbe6o9Q&oe=639E3159&_nc_sid=282b66,false
8714581658,akshatiwari1,Akshat,https://instagram.fblr20-3.fna.fbcdn.net/v/t51.2885-19/313813471_1304787756980197_2868297055665410034_n.jpg?stp=dst-jpg_s150x150&_nc_ht=instagram.fblr20-3.fna.fbcdn.net&_nc_cat=101&_nc_ohc=4Ho1KQsZsTQAX9NS-k8&tn=0pmRzlIwJh_-kY07&edm=AOG-cTkBAAAA&ccb=7-5&oh=00_AfB3MZNcZwBYuNhBl6keSPrdtoNU8cwNM44vfMf2-CsNkA&oe=639E1731&_nc_sid=282b66,false
3286126622,__aryanmehrotra,Aryan Mehrotra,https://instagram.fblr20-1.fna.fbcdn.net/v/t51.2885-19/315959014_823634085523642_1184986471244769252_n.jpg?stp=dst-jpg_s150x150&_nc_ht=instagram.fblr20-1.fna.fbcdn.net&_nc_cat=110&_nc_ohc=MWMf2GFmyRsAX87v5uD&edm=AOG-cTkBAAAA&ccb=7-5&oh=00_AfAotgSZz20S6OYK1AYZL_endwgFk_Sa7cnwYH5Ns095CQ&oe=639C8A66&_nc_sid=282b66,false
39540195993,exam_tapri,Karan Singh Rana,https://instagram.fblr20-2.fna.fbcdn.net/v/t51.2885-19/294414605_181443910935242_477529902774157837_n.jpg?stp=dst-jpg_s150x150&_nc_ht=instagram.fblr20-2.fna.fbcdn.net&_nc_cat=102&_nc_ohc=VniFhQUYwBEAX90fhen&edm=AOG-cTkBAAAA&ccb=7-5&oh=00_AfAlOpBEAh_GIyP1WqwBfXdq0TPLb-MMGpBFX59tLONf7A&oe=639D7D78&_nc_sid=282b66,false
45147966909,drbesg,,https://instagram.fgau1-2.fna.fbcdn.net/v/t51.2885-19/44884218_345707102882519_2446069589734326272_n.jpg?_nc_ht=instagram.fgau1-2.fna.fbcdn.net&_nc_cat=1&_nc_ohc=SdGf-pQgnmIAX-IEQ0G&edm=ALlQn9MBAAAA&ccb=7-5&ig_cache_key=YW5vbnltb3VzX3Byb2ZpbGVfcGlj.2-ccb7-5&oh=00_AfBunFGgv2EuFhzQ4VvsdaYV39tePEfeTL4MYk2v3H7zBg&oe=639C7D4F&_nc_sid=48a2a6,false
5526645044,iamishaanroy,Ishaan Roy,https://instagram.fblr20-3.fna.fbcdn.net/v/t51.2885-19/299560765_444185024390173_2670267139482436884_n.jpg?stp=dst-jpg_s150x150&_nc_ht=instagram.fblr20-3.fna.fbcdn.net&_nc_cat=101&_nc_ohc=w62OCzJYBPEAX-UNgFj&tn=0pmRzlIwJh_-kY07&edm=AOG-cTkBAAAA&ccb=7-5&oh=00_AfAPoN1NlwdQNj1PRXQHfAQPrB2Y10IJB1pvscn_xX_FOQ&oe=639D914F&_nc_sid=282b66,false
45139990166,pekka_a008,@S-S-M-R-U-T-I-R-A-N-J-A-N‚Ñ¢,https://instagram.fblr20-2.fna.fbcdn.net/v/t51.2885-19/132824480_1023250344864126_5130722162188915621_n.jpg?stp=dst-jpg_s150x150&_nc_ht=instagram.fblr20-2.fna.fbcdn.net&_nc_cat=106&_nc_ohc=k3RCirBFS40AX9_Rfb_&edm=AOG-cTkBAAAA&ccb=7-5&oh=00_AfDY3vzcdrUHqqAM0HRHKECa92x9yuhtyaZGBjJ33C7KbA&oe=639DAC89&_nc_sid=282b66,false
28009045046,speech_that_touch_my_mind,,https://instagram.fblr20-2.fna.fbcdn.net/v/t51.2885-19/131412271_197246138742254_6962861906027933800_n.jpg?stp=dst-jpg_s150x150&_nc_ht=instagram.fblr20-2.fna.fbcdn.net&_nc_cat=102&_nc_ohc=BwqofqvljLsAX9mK_Ee&edm=AOG-cTkBAAAA&ccb=7-5&oh=00_AfBmKga6LkXZJ4WqjfJXDmVM9JWJ_CavAr6x8OZX0mIn7A&oe=639E25AE&_nc_sid=282b66,false
44938908544,soniaphotographer2020,,https://instagram.fgau1-2.fna.fbcdn.net/v/t51.2885-19/44884218_345707102882519_2446069589734326272_n.jpg?_nc_ht=instagram.fgau1-2.fna.fbcdn.net&_nc_cat=1&_nc_ohc=SdGf-pQgnmIAX-IEQ0G&edm=ALlQn9MBAAAA&ccb=7-5&ig_cache_key=YW5vbnltb3VzX3Byb2ZpbGVfcGlj.2-ccb7-5&oh=00_AfBunFGgv2EuFhzQ4VvsdaYV39tePEfeTL4MYk2v3H7zBg&oe=639C7D4F&_nc_sid=48a2a6,false
44813312687,mobilemaster678,Mobile_master,https://instagram.fgau1-2.fna.fbcdn.net/v/t51.2885-19/44884218_345707102882519_2446069589734326272_n.jpg?_nc_ht=instagram.fgau1-2.fna.fbcdn.net&_nc_cat=1&_nc_ohc=SdGf-pQgnmIAX-IEQ0G&edm=ALlQn9MBAAAA&ccb=7-5&ig_cache_key=YW5vbnltb3VzX3Byb2ZpbGVfcGlj.2-ccb7-5&oh=00_AfBunFGgv2EuFhzQ4VvsdaYV39tePEfeTL4MYk2v3H7zBg&oe=639C7D4F&_nc_sid=48a2a6,false
44734475784,subhojitsa346_46,Subhojitsaha,https://instagram.fsub6-7.fna.fbcdn.net/v/t51.2885-19/44884218_345707102882519_2446069589734326272_n.jpg?efg=eyJybWQiOiJpZ19hbmRyb2lkX21vYmlsZV9uZXR3b3JrX3N0YWNrX2RlbGVnYXRlX2FsbF92MjU5Om1uc19kZWZhdWx0In0&_nc_ht=instagram.fsub6-7.fna.fbcdn.net&_nc_cat=1&_nc_ohc=SdGf-pQgnmIAX_i3Srw&edm=ABmJApABAAAA&ccb=7-5&ig_cache_key=YW5vbnltb3VzX3Byb2ZpbGVfcGlj.2-ccb7-5&oh=00_AfA4ZlpNIdxcsljY7ZPO_vxZX1A4QpTwfDJ2_4XihON_wA&oe=639C7D4F&_nc_sid=6136e7,false
44227524430,pekka008,@P-E-K-K-A‚Ñ¢,https://instagram.fblr20-1.fna.fbcdn.net/v/t51.2885-19/122830060_915470145648765_2565827125293911357_n.jpg?stp=dst-jpg_s150x150&_nc_ht=instagram.fblr20-1.fna.fbcdn.net&_nc_cat=109&_nc_ohc=q1r3CivNXhIAX9hld2p&edm=AOG-cTkBAAAA&ccb=7-5&oh=00_AfB97ZcaNsmJ4KxQP2xpDeNKiI-Ljl4mT-Lodl_PYCLqsg&oe=639DBFA3&_nc_sid=282b66,false
28619635642,bejubaaan_ishq,bejubaaan_ishq,https://instagram.fblr20-1.fna.fbcdn.net/v/t51.2885-19/241335049_390188809339965_7080813627636991511_n.jpg?stp=dst-jpg_s150x150&_nc_ht=instagram.fblr20-1.fna.fbcdn.net&_nc_cat=109&_nc_ohc=fMf_AhAgmIQAX8Yp_Vj&tn=0pmRzlIwJh_-kY07&edm=AOG-cTkBAAAA&ccb=7-5&oh=00_AfCj5X5mUY0suYRK4-4ncK-aQK14dyXVCbTmn6t0Ed3eZA&oe=639C57BE&_nc_sid=282b66,false
4936041466,arnav.singh0123,Arnav Singh,https://instagram.fblr20-1.fna.fbcdn.net/v/t51.2885-19/279381896_742927823366552_71707167058599218_n.jpg?stp=dst-jpg_s150x150&_nc_ht=instagram.fblr20-1.fna.fbcdn.net&_nc_cat=108&_nc_ohc=WHZPylx-KvgAX-Hua6H&edm=AOG-cTkBAAAA&ccb=7-5&oh=00_AfAxuQE54vthxiAXMyC7EBi4Lrc_v6oxppULc0dqJXmeNA&oe=639C5BC3&_nc_sid=282b66,false
30156145077,__.devbhardwaj,Devanshu Bhardwaj,https://instagram.fblr20-3.fna.fbcdn.net/v/t51.2885-19/316332822_668319528075349_2224751703502783433_n.jpg?stp=dst-jpg_s150x150&_nc_ht=instagram.fblr20-3.fna.fbcdn.net&_nc_cat=101&_nc_ohc=9Ok9b_o3Sd0AX8SUC1c&edm=AOG-cTkBAAAA&ccb=7-5&oh=00_AfCqTO7lx-fEMhNj9CdZ9oTQuhtaVCg0XHJVpnVzWqca0w&oe=639DF5B5&_nc_sid=282b66,false
6839102537,honeypanwar053,Himanshu Panwar,https://instagram.fblr20-2.fna.fbcdn.net/v/t51.2885-19/317377358_451925023791712_5859109927433641066_n.jpg?stp=dst-jpg_s150x150&_nc_ht=instagram.fblr20-2.fna.fbcdn.net&_nc_cat=104&_nc_ohc=tTQB49nFDKUAX_Xr7Jx&tn=0pmRzlIwJh_-kY07&edm=AOG-cTkBAAAA&ccb=7-5&oh=00_AfDNBXaYRoiS4ZlX-I90zy8R7n1uYMM4GEZ2dZoNw0Edlw&oe=639E28BD&_nc_sid=282b66,false
5873706747,ayushkumarjr_akj,Ayush kumarüáÆüá≥üáÆüá≥,https://instagram.fblr20-3.fna.fbcdn.net/v/t51.2885-19/316765717_850334429564523_1525915684175127940_n.jpg?stp=dst-jpg_s150x150&_nc_ht=instagram.fblr20-3.fna.fbcdn.net&_nc_cat=103&_nc_ohc=oRvEIDpFNTEAX9rrbR_&edm=AOG-cTkBAAAA&ccb=7-5&oh=00_AfBTPK9XWZb-TJFckzUOy2TOE4rZ69EbDdiorAqano3AGw&oe=639CA90B&_nc_sid=282b66,false
27232103571,physicsxcosmos,physicsXcosmos,https://instagram.fblr20-3.fna.fbcdn.net/v/t51.2885-19/118519511_202260877906008_4276383650445529770_n.jpg?stp=dst-jpg_s150x150&_nc_ht=instagram.fblr20-3.fna.fbcdn.net&_nc_cat=100&_nc_ohc=LRZ89tvFygUAX_knKJA&edm=AOG-cTkBAAAA&ccb=7-5&oh=00_AfCcjJGrvy800YuiLGAwhbZxlyxG8YCAXToh5XD6nxzyvg&oe=639E0CFA&_nc_sid=282b66,false
7470422236,animesh___22,Animesh,https://instagram.fblr20-1.fna.fbcdn.net/v/t51.2885-19/284497181_5231566920262243_5417621071621518374_n.jpg?stp=dst-jpg_s150x150&_nc_ht=instagram.fblr20-1.fna.fbcdn.net&_nc_cat=107&_nc_ohc=0r-6c4mM-HcAX_7jMer&edm=AOG-cTkBAAAA&ccb=7-5&oh=00_AfAzbQkwtTwuRhb7zXmWWUxQBSObkBvrFaVPdJMpe43bfg&oe=639C5AD2&_nc_sid=282b66,false
40563232144,r1shi.shahi,Rishi,https://instagram.fblr20-1.fna.fbcdn.net/v/t51.2885-19/318928857_481550394101576_1057743545727114829_n.jpg?stp=dst-jpg_s150x150&_nc_ht=instagram.fblr20-1.fna.fbcdn.net&_nc_cat=108&_nc_ohc=LIUDj6nF4yoAX-pNd3K&edm=AOG-cTkBAAAA&ccb=7-5&oh=00_AfCGSr2pHRwiwwbIR1Sy-vRfYqDD5ph_MxNGKsQddzdlbg&oe=639CFC67&_nc_sid=282b66,false
38769429006,_ananddubey,Anand Dubey,https://instagram.fblr20-2.fna.fbcdn.net/v/t51.2885-19/284413917_2178481918986736_3478271659519238198_n.jpg?stp=dst-jpg_s150x150&_nc_ht=instagram.fblr20-2.fna.fbcdn.net&_nc_cat=104&_nc_ohc=PTqYHgtMqggAX_6cdyd&edm=AOG-cTkBAAAA&ccb=7-5&oh=00_AfBZ3f15G4MDeYlov57wCZf6Rmu1YPmqxfb3qpf-pTQy6Q&oe=639C6ECB&_nc_sid=282b66,false
11574657295,aliashraf0687,Ali Ashraf,https://instagram.fblr20-1.fna.fbcdn.net/v/t51.2885-19/315472540_106796045521411_1929542808696322845_n.jpg?stp=dst-jpg_s150x150&_nc_ht=instagram.fblr20-1.fna.fbcdn.net&_nc_cat=107&_nc_ohc=oXk65BJgdqsAX_4ydr8&edm=AOG-cTkBAAAA&ccb=7-5&oh=00_AfAMUMkWGB1n94E8-HXkFzxJR5NJPl5NUKLb4OoXdSy9fQ&oe=639E29D6&_nc_sid=282b66,false
4134431590,rajgrv_singh,RAJ GAURAV SINGH,https://instagram.fblr20-3.fna.fbcdn.net/v/t51.2885-19/313300754_1568581193561953_361244624315282248_n.jpg?stp=dst-jpg_s150x150&_nc_ht=instagram.fblr20-3.fna.fbcdn.net&_nc_cat=101&_nc_ohc=gVuA-pgc-IUAX_BOrTJ&edm=AOG-cTkBAAAA&ccb=7-5&oh=00_AfCH6Q6q0wTr5-OI06LLhiC45epS9e0oToz1i3HibxYnNw&oe=639CB125&_nc_sid=282b66,false
8544865028,alpha_sandeep,‰∏ÇÂçÇÂá†·ó™‰πá‰πáÂç©,https://instagram.fblr20-2.fna.fbcdn.net/v/t51.2885-19/223659331_182327337261242_394397999432761544_n.jpg?stp=dst-jpg_s150x150&_nc_ht=instagram.fblr20-2.fna.fbcdn.net&_nc_cat=102&_nc_ohc=HtFF1QXbsBQAX8LBLTz&edm=AOG-cTkBAAAA&ccb=7-5&oh=00_AfAFLomcYEcaVuOesY-hcctz6CeqydGzdwt6VyvlLl8ZmQ&oe=639D41AA&_nc_sid=282b66,false
37752905915,the_secret_society_29,The Secret Society,https://instagram.fblr20-1.fna.fbcdn.net/v/t51.2885-19/103759231_2902913919826318_8750683301903145052_n.jpg?stp=dst-jpg_s150x150&_nc_ht=instagram.fblr20-1.fna.fbcdn.net&_nc_cat=110&_nc_ohc=DUURZjWsSXYAX89Ituy&tn=0pmRzlIwJh_-kY07&edm=AOG-cTkBAAAA&ccb=7-5&oh=00_AfDuyhOGFvQi72q7tnmdqBQ3JfMhssKv7qch9lYMkqiXLA&oe=639DC477&_nc_sid=282b66,false
1607408168,sapna_sinhasapnasinha0240,SAPNA SINHA SARKAR,https://instagram.fblr20-1.fna.fbcdn.net/v/t51.2885-19/276968844_4902612573150271_1012941702687434183_n.jpg?stp=dst-jpg_s150x150&_nc_ht=instagram.fblr20-1.fna.fbcdn.net&_nc_cat=107&_nc_ohc=J6DLqrmEqmAAX-Ctv6E&edm=AOG-cTkBAAAA&ccb=7-5&oh=00_AfCK040rEsemqVDJUOG-wVeBPR0ecFu3Gj6IRITssWbuFQ&oe=639CF4FD&_nc_sid=282b66,false
35442620635,smallick66,Sudipta Mallick,https://instagram.fblr20-2.fna.fbcdn.net/v/t51.2885-19/109188396_616339048986978_8756698389312717841_n.jpg?stp=dst-jpg_s150x150&_nc_ht=instagram.fblr20-2.fna.fbcdn.net&_nc_cat=106&_nc_ohc=n7Rh_bf7GigAX-PlxF7&edm=AOG-cTkBAAAA&ccb=7-5&oh=00_AfC_aJ5OxICcjGxajU5tQtXY1dWDcEaA4Wt5gNyMOqu9hw&oe=639D68CF&_nc_sid=282b66,false
13571827437,____piyush___kumar____,Piyush Kumar,https://instagram.fblr20-1.fna.fbcdn.net/v/t51.2885-19/277363592_712373166803611_6456831364933737332_n.jpg?stp=dst-jpg_s150x150&_nc_ht=instagram.fblr20-1.fna.fbcdn.net&_nc_cat=107&_nc_ohc=hrVi6O9YrQEAX-S2LEK&tn=0pmRzlIwJh_-kY07&edm=AOG-cTkBAAAA&ccb=7-5&oh=00_AfCoPNnW7CXM62oxuZdu-GVE8ukmK56K0oirZXjU6c11vQ&oe=639D1A47&_nc_sid=282b66,false
37023666892,baibhav.kumar.3726613,Baibhav Thakur,https://instagram.fblr20-3.fna.fbcdn.net/v/t51.2885-19/103180890_264064731602595_2965083548270103398_n.jpg?stp=dst-jpg_s150x150&_nc_ht=instagram.fblr20-3.fna.fbcdn.net&_nc_cat=103&_nc_ohc=G_h9FS6mswwAX9536on&tn=0pmRzlIwJh_-kY07&edm=AOG-cTkBAAAA&ccb=7-5&oh=00_AfC9Zg6L4QGs0n3J6_05GNkecI6UObmS6w5i3XZ16yMzFA&oe=639E34CE&_nc_sid=282b66,false
25367298812,saumojit_sinha,Saumojit Sinha,https://instagram.fblr20-1.fna.fbcdn.net/v/t51.2885-19/307306520_176512528264905_3633823415886178669_n.jpg?stp=dst-jpg_s150x150&_nc_ht=instagram.fblr20-1.fna.fbcdn.net&_nc_cat=109&_nc_ohc=zH5bk5rie40AX9uohUN&edm=AOG-cTkBAAAA&ccb=7-5&oh=00_AfCSaaOaX8G74RNWXDVtIRKPB4_ude7w1v0BvDjYHrGmww&oe=639DD79C&_nc_sid=282b66,false
6725458639,_anand_2k20,Anand Kumar,https://instagram.fblr20-1.fna.fbcdn.net/v/t51.2885-19/301605692_1053304682044918_4701106343530165951_n.jpg?stp=dst-jpg_s150x150&_nc_ht=instagram.fblr20-1.fna.fbcdn.net&_nc_cat=110&_nc_ohc=w73cmgOzNdkAX93sU0m&edm=AOG-cTkBAAAA&ccb=7-5&oh=00_AfDUEIVCYiYfpnlCYcrkYfPzrxuBiTiddv1OG5fDU61j6A&oe=639CDD2D&_nc_sid=282b66,false
6998068963,__iamritikthakur37,Ritik Thakur,https://instagram.fblr20-1.fna.fbcdn.net/v/t51.2885-19/318453142_541395607571650_1377552787244368932_n.jpg?stp=dst-jpg_s150x150&_nc_ht=instagram.fblr20-1.fna.fbcdn.net&_nc_cat=110&_nc_ohc=3_b7Zo6Dw1gAX-a9ABg&edm=AOG-cTkBAAAA&ccb=7-5&oh=00_AfCyPu50iblVaXmWIwtE3KqKRH87vEaFqMC4yIRMpNpwxA&oe=639D164D&_nc_sid=282b66,false
9268401463,faizmobeen,Faiz,https://instagram.fblr20-2.fna.fbcdn.net/v/t51.2885-19/305353977_799894214374518_1106492128940084389_n.jpg?stp=dst-jpg_s150x150&_nc_ht=instagram.fblr20-2.fna.fbcdn.net&_nc_cat=106&_nc_ohc=KemtvAZBby4AX_MdlDA&edm=AOG-cTkBAAAA&ccb=7-5&oh=00_AfDiE5cw80uOlvvYHZtO06AUCFjmquXC3ZXTkf7rQn9ZLw&oe=639C9F64&_nc_sid=282b66,false
2274689740,ayush_raj30,Ayush Raj,https://instagram.fblr20-1.fna.fbcdn.net/v/t51.2885-19/91236384_1672797599526501_8519495105416003584_n.jpg?stp=dst-jpg_s150x150&_nc_ht=instagram.fblr20-1.fna.fbcdn.net&_nc_cat=109&_nc_ohc=f1IdN_0qhUkAX9WaZBV&edm=AOG-cTkBAAAA&ccb=7-5&oh=00_AfD4TiHR4hm8x1fwaHPSJoD6m_8s0A9riLs_DhXLTzMmpw&oe=639C8C1A&_nc_sid=282b66,false
3621479514,wtfbipul,ìÇÄ ùîπùïöùï°ùï¶ùïù ìÇÄ,https://instagram.fblr20-2.fna.fbcdn.net/v/t51.2885-19/316450605_137669098781034_7298562824100040547_n.jpg?stp=dst-jpg_s150x150&_nc_ht=instagram.fblr20-2.fna.fbcdn.net&_nc_cat=106&_nc_ohc=gjIuZXGAJOAAX8Hwpxy&edm=AOG-cTkBAAAA&ccb=7-5&oh=00_AfA7p1BpxXU-4dEbTJgOFDPVud1ffhyqr1HOSDaXQ5aiHQ&oe=639C7DD6&_nc_sid=282b66,false
32083912592,__harshitraj__,Harshit Raj,https://instagram.fblr20-2.fna.fbcdn.net/v/t51.2885-19/318576613_549659889963359_8242315325049342489_n.jpg?stp=dst-jpg_s150x150&_nc_ht=instagram.fblr20-2.fna.fbcdn.net&_nc_cat=111&_nc_ohc=dz319j1fdVcAX9XBe0r&tn=0pmRzlIwJh_-kY07&edm=AOG-cTkBAAAA&ccb=7-5&oh=00_AfD9mR9l-IMUDLm3OTM5UqxLOwSHeSSBqTg0VCfDQHJsUg&oe=639DAB0C&_nc_sid=282b66,false
9841973684,raman.saket7,Saket Raman,https://instagram.fblr20-2.fna.fbcdn.net/v/t51.2885-19/313853501_494712009256511_5477979924920923840_n.jpg?stp=dst-jpg_s150x150&_nc_ht=instagram.fblr20-2.fna.fbcdn.net&_nc_cat=111&_nc_ohc=KKgmfqtrvOkAX_AMbKs&edm=AOG-cTkBAAAA&ccb=7-5&oh=00_AfBlYdjpFNpXU0W0XcCfe52KHKgoKMRtA5nq8RNTOML1gQ&oe=639DBE7C&_nc_sid=282b66,false
11095428447,nitin12_k,Nitin shandilya,https://instagram.fblr20-3.fna.fbcdn.net/v/t51.2885-19/300007105_1355411374864731_6072010109124095014_n.jpg?stp=dst-jpg_s150x150&_nc_ht=instagram.fblr20-3.fna.fbcdn.net&_nc_cat=103&_nc_ohc=GNAjfyeFY5sAX_DzlH8&edm=AOG-cTkBAAAA&ccb=7-5&oh=00_AfDWZRIUcR78wjypbaKH_-jxM5Qu6SvikP_OF6_8cz92cQ&oe=639C4EAB&_nc_sid=282b66,false
4100651677,ashutosh.thakur08,Ashutosh thakur,https://instagram.fblr20-2.fna.fbcdn.net/v/t51.2885-19/301989878_487377102776058_8713388371556980962_n.jpg?stp=dst-jpg_s150x150&_nc_ht=instagram.fblr20-2.fna.fbcdn.net&_nc_cat=106&_nc_ohc=x58CtKTQcZQAX9AiDMQ&edm=AOG-cTkBAAAA&ccb=7-5&oh=00_AfC7YMK_1zSJCceyShhPzOB5ElmzWdfMl-3iweUd6pXxEg&oe=639CD147&_nc_sid=282b66,false
23068754537,baap_h_tohar,baap hai tohar,https://instagram.fsub6-7.fna.fbcdn.net/v/t51.2885-19/44884218_345707102882519_2446069589734326272_n.jpg?efg=eyJybWQiOiJpZ19hbmRyb2lkX21vYmlsZV9uZXR3b3JrX3N0YWNrX2RlbGVnYXRlX2FsbF92MjU5Om1uc19kZWZhdWx0In0&_nc_ht=instagram.fsub6-7.fna.fbcdn.net&_nc_cat=1&_nc_ohc=SdGf-pQgnmIAX_i3Srw&edm=ABmJApABAAAA&ccb=7-5&ig_cache_key=YW5vbnltb3VzX3Byb2ZpbGVfcGlj.2-ccb7-5&oh=00_AfA4ZlpNIdxcsljY7ZPO_vxZX1A4QpTwfDJ2_4XihON_wA&oe=639C7D4F&_nc_sid=6136e7,false
7047789217,its_.farhan_khan,∆íŒ±—è–ΩŒ±Œ∑ –∫Õ¢Õ¢Õ¢–ΩŒ±Œ∑ üòú,https://instagram.fblr20-1.fna.fbcdn.net/v/t51.2885-19/159870157_852833931938840_5827987131125558674_n.jpg?stp=dst-jpg_s150x150&_nc_ht=instagram.fblr20-1.fna.fbcdn.net&_nc_cat=108&_nc_ohc=4NyUNyGf71EAX8C6-eF&edm=AOG-cTkBAAAA&ccb=7-5&oh=00_AfB12ZLL1yUzOS8NV-ki22m_Yxs7Maae4HLlgbTtmQvUqg&oe=639CD895&_nc_sid=282b66,false
7399222244,raj__rishav_,Rishav Raj,https://instagram.fblr20-3.fna.fbcdn.net/v/t51.2885-19/316931713_193677319862496_4844799797666102527_n.jpg?stp=dst-jpg_s150x150&_nc_ht=instagram.fblr20-3.fna.fbcdn.net&_nc_cat=100&_nc_ohc=w5WxGt-WKbkAX8FBm3k&edm=AOG-cTkBAAAA&ccb=7-5&oh=00_AfCJJzQ6v2rVVw6dowjGK4CPzvBSUoetc3yAaVS5WDuBWw&oe=639CD402&_nc_sid=282b66,false
21374307805,__piyushchaudhary__,Piyush,https://instagram.fblr20-2.fna.fbcdn.net/v/t51.2885-19/316325822_448864177431150_1105462112563952490_n.jpg?stp=dst-jpg_s150x150&_nc_ht=instagram.fblr20-2.fna.fbcdn.net&_nc_cat=106&_nc_ohc=T3Vacjb1Z2oAX_a1gSJ&edm=AOG-cTkBAAAA&ccb=7-5&oh=00_AfAl0AxNsZ6YPUALxVPHgEzl5SY35K1NioBNOIEpL_1c-Q&oe=639E2B40&_nc_sid=282b66,false
5779212409,iamayan2011,Ayan Raza Siddiqui,https://instagram.fblr20-1.fna.fbcdn.net/v/t51.2885-19/285995453_153641933861780_3283917275072686954_n.jpg?stp=dst-jpg_s150x150&_nc_ht=instagram.fblr20-1.fna.fbcdn.net&_nc_cat=108&_nc_ohc=oKH1Kk_b8s8AX-Zg7kQ&tn=0pmRzlIwJh_-kY07&edm=AOG-cTkBAAAA&ccb=7-5&oh=00_AfDrLA6kSStnmqLKpcyKwwPX90-9GWGL1bYdfO2sG2u48Q&oe=639DA2A5&_nc_sid=282b66,false
23158622182,tanumoysil,Tanumoy Sil,https://instagram.fblr20-3.fna.fbcdn.net/v/t51.2885-19/75200986_576303976508441_8200266584489459712_n.jpg?stp=dst-jpg_s150x150&_nc_ht=instagram.fblr20-3.fna.fbcdn.net&_nc_cat=105&_nc_ohc=ay21pImL1UIAX8c5z0n&edm=AOG-cTkBAAAA&ccb=7-5&oh=00_AfAQbderina-cGjevoA0QadhpR0_oOt9Rb6C7u4TMwyHnA&oe=639CD77C&_nc_sid=282b66,false
14674262556,madhav.c9,·¥ç·¥Ä·¥Ö ú·¥Ä·¥†,https://instagram.fblr20-3.fna.fbcdn.net/v/t51.2885-19/309811569_198174422685409_438290545279092179_n.jpg?stp=dst-jpg_s150x150&_nc_ht=instagram.fblr20-3.fna.fbcdn.net&_nc_cat=101&_nc_ohc=ZVLw5Y9e-bkAX9jUNVY&edm=AOG-cTkBAAAA&ccb=7-5&oh=00_AfDko6Z33T2lECu5TQX_6EryVxyr02S_Ycf0WhrqLaneeQ&oe=639CF503&_nc_sid=282b66,false
2327608130,harsh_suryavansi22,Harsh,https://instagram.fblr20-3.fna.fbcdn.net/v/t51.2885-19/131994801_916225105588227_2139614250776239251_n.jpg?stp=dst-jpg_s150x150&_nc_ht=instagram.fblr20-3.fna.fbcdn.net&_nc_cat=103&_nc_ohc=RZwIooSNZwkAX_q_-kK&edm=AOG-cTkBAAAA&ccb=7-5&oh=00_AfAtYokYlpMVFSnLd23cRku2vzriOhOw-NAu6wkJDO4pHg&oe=639D9358&_nc_sid=282b66,false
19367497655,shanurajput942,shanurajput94,https://instagram.fsub6-7.fna.fbcdn.net/v/t51.2885-19/44884218_345707102882519_2446069589734326272_n.jpg?efg=eyJybWQiOiJpZ19hbmRyb2lkX21vYmlsZV9uZXR3b3JrX3N0YWNrX2RlbGVnYXRlX2FsbF92MjU5Om1uc19kZWZhdWx0In0&_nc_ht=instagram.fsub6-7.fna.fbcdn.net&_nc_cat=1&_nc_ohc=SdGf-pQgnmIAX_i3Srw&edm=ABmJApABAAAA&ccb=7-5&ig_cache_key=YW5vbnltb3VzX3Byb2ZpbGVfcGlj.2-ccb7-5&oh=00_AfA4ZlpNIdxcsljY7ZPO_vxZX1A4QpTwfDJ2_4XihON_wA&oe=639C7D4F&_nc_sid=6136e7,false
18777301102,majumdarsurjeet,Surjeet Majumdar,https://instagram.fsub6-7.fna.fbcdn.net/v/t51.2885-19/44884218_345707102882519_2446069589734326272_n.jpg?efg=eyJybWQiOiJpZ19hbmRyb2lkX21vYmlsZV9uZXR3b3JrX3N0YWNrX2RlbGVnYXRlX2FsbF92MjU5Om1uc19kZWZhdWx0In0&_nc_ht=instagram.fsub6-7.fna.fbcdn.net&_nc_cat=1&_nc_ohc=SdGf-pQgnmIAX_i3Srw&edm=ABmJApABAAAA&ccb=7-5&ig_cache_key=YW5vbnltb3VzX3Byb2ZpbGVfcGlj.2-ccb7-5&oh=00_AfA4ZlpNIdxcsljY7ZPO_vxZX1A4QpTwfDJ2_4XihON_wA&oe=639C7D4F&_nc_sid=6136e7,false
2909131654,sahil_varnwal,SAHIL | ‡§∏‡§æ‡§π‡§ø‡§≤üçÅ,https://instagram.fblr20-2.fna.fbcdn.net/v/t51.2885-19/316000250_891804681832588_6937039578623069508_n.jpg?stp=dst-jpg_s150x150&_nc_ht=instagram.fblr20-2.fna.fbcdn.net&_nc_cat=104&_nc_ohc=ew6is08U6j8AX8lC6Wo&edm=AOG-cTkBAAAA&ccb=7-5&oh=00_AfA72VHI_Kce8R1G8U5nVe6HDK569wkDupuZwPeYHkbjUQ&oe=639D2834&_nc_sid=282b66,false
7739753967,i_.am._.shubham,Shubham Singh,https://instagram.fblr20-2.fna.fbcdn.net/v/t51.2885-19/267543574_759858958740990_8249330572680345316_n.jpg?stp=dst-jpg_s150x150&_nc_ht=instagram.fblr20-2.fna.fbcdn.net&_nc_cat=106&_nc_ohc=dLWKLMypGXYAX-oBcN3&tn=0pmRzlIwJh_-kY07&edm=AOG-cTkBAAAA&ccb=7-5&oh=00_AfDTtEOtYOLxdyPABOQ00vUa2IDo3aOgqZj4pS7nHNixvQ&oe=639D0B6F&_nc_sid=282b66,false
4166624075,abhilashkashyap05,WanderlustSoul,https://instagram.fblr20-2.fna.fbcdn.net/v/t51.2885-19/319119903_1205301817077611_8833666851948809159_n.jpg?stp=dst-jpg_s150x150&_nc_ht=instagram.fblr20-2.fna.fbcdn.net&_nc_cat=111&_nc_ohc=iwKJeR9YYwsAX-2_2ag&edm=AOG-cTkBAAAA&ccb=7-5&oh=00_AfB1CmAjf1QlqKDTYAt8BmxZoWwP_1SRIdbSUfprDMLnLg&oe=639C844D&_nc_sid=282b66,false
10612018146,edwardcastrotopasnajr,Edward,https://instagram.fblr20-1.fna.fbcdn.net/v/t51.2885-19/94710277_1513413435507778_5356845071708717056_n.jpg?stp=dst-jpg_s150x150&_nc_ht=instagram.fblr20-1.fna.fbcdn.net&_nc_cat=110&_nc_ohc=3XytWpKzyAgAX_DScEM&edm=AOG-cTkBAAAA&ccb=7-5&oh=00_AfD51rqORcpDHP3pRoKBTYjutCawZx5_ymal27atEutVPg&oe=639D77BF&_nc_sid=282b66,false
9237062579,pulak4271,kritwika (kritu),https://instagram.fblr20-3.fna.fbcdn.net/v/t51.2885-19/54463884_409875689746465_9034850808243421184_n.jpg?stp=dst-jpg_s150x150&_nc_ht=instagram.fblr20-3.fna.fbcdn.net&_nc_cat=101&_nc_ohc=MAIgdulEvCkAX_LKPGS&edm=AOG-cTkBAAAA&ccb=7-5&oh=00_AfBsE9_Di9I2fc9bx6nmcqu3ePbmzgPFpoSJQT3hVvSH1A&oe=639D6477&_nc_sid=282b66,false
8129906057,bhaskar_bhushan_29,Bhaskar Bhushan,https://instagram.fblr20-2.fna.fbcdn.net/v/t51.2885-19/101093526_2936758419745422_1536968009812279296_n.jpg?stp=dst-jpg_s150x150&_nc_ht=instagram.fblr20-2.fna.fbcdn.net&_nc_cat=106&_nc_ohc=tWgeirDdsTAAX_OIuqM&edm=AOG-cTkBAAAA&ccb=7-5&oh=00_AfCuK0Hy6h8E75rz8MoJoy1dDeOYfHO0pQpPM2-8elqX8g&oe=639D98E8&_nc_sid=282b66,false
5497474838,ankit234509,@nkit,https://instagram.fblr20-2.fna.fbcdn.net/v/t51.2885-19/318441330_540817940996651_4906335004540815215_n.jpg?stp=dst-jpg_s150x150&_nc_ht=instagram.fblr20-2.fna.fbcdn.net&_nc_cat=111&_nc_ohc=eyasiKso0c8AX9Vye7w&tn=0pmRzlIwJh_-kY07&edm=AOG-cTkBAAAA&ccb=7-5&oh=00_AfD0r3ITuy3txsVGpa80eAwX4UsL7RHe0BoEN2fo3gBiYw&oe=639D3B71&_nc_sid=282b66,false
8408995335,ujjwalsinghgmailcom,Sushma Singh,https://instagram.fblr20-2.fna.fbcdn.net/v/t51.2885-19/57558550_329631467736311_78810141620699136_n.jpg?stp=dst-jpg_s150x150&_nc_ht=instagram.fblr20-2.fna.fbcdn.net&_nc_cat=111&_nc_ohc=fJB9fenXgT0AX-YUsFM&edm=AOG-cTkBAAAA&ccb=7-5&oh=00_AfCni1TykuARfv2dJx3aRrKLkcRu3bS6gyMXS6JvVT2XMw&oe=639CD7F0&_nc_sid=282b66,false
5454797294,gauravkumarsharma41,Prachi Sharma,https://instagram.fsub6-7.fna.fbcdn.net/v/t51.2885-19/44884218_345707102882519_2446069589734326272_n.jpg?efg=eyJybWQiOiJpZ19hbmRyb2lkX21vYmlsZV9uZXR3b3JrX3N0YWNrX2RlbGVnYXRlX2FsbF92MjU5Om1uc19kZWZhdWx0In0&_nc_ht=instagram.fsub6-7.fna.fbcdn.net&_nc_cat=1&_nc_ohc=SdGf-pQgnmIAX_i3Srw&edm=ABmJApABAAAA&ccb=7-5&ig_cache_key=YW5vbnltb3VzX3Byb2ZpbGVfcGlj.2-ccb7-5&oh=00_AfA4ZlpNIdxcsljY7ZPO_vxZX1A4QpTwfDJ2_4XihON_wA&oe=639C7D4F&_nc_sid=6136e7,false
7951897235,sa0906359,zaid ahmed,https://instagram.fblr20-2.fna.fbcdn.net/v/t51.2885-19/34007159_1895548617172178_4290292284227846144_n.jpg?stp=dst-jpg_s150x150&_nc_ht=instagram.fblr20-2.fna.fbcdn.net&_nc_cat=102&_nc_ohc=xMTEr4Yq5qoAX_1cdhx&edm=AOG-cTkBAAAA&ccb=7-5&oh=00_AfDcBNeOVjmtZ5_Z9uIM8raaE4JAawF72UQ5t9oIZYV6Vg&oe=639E27F6&_nc_sid=282b66,false
4615629167,abhinav3179,ABHINAV SINGH,https://instagram.fblr20-3.fna.fbcdn.net/v/t51.2885-19/22071556_747929275391041_6565361208520605696_n.jpg?stp=dst-jpg_s150x150&_nc_ht=instagram.fblr20-3.fna.fbcdn.net&_nc_cat=101&_nc_ohc=0YsVOxxfpRkAX9caQmt&edm=AOG-cTkBAAAA&ccb=7-5&oh=00_AfDxbMHkuiYqhQioK3jrC4FuQTybbEbGrxngX2MSYCyLug&oe=639CBA23&_nc_sid=282b66,false
7104580779,bhaskar6286,Anurag Bhaskar,https://instagram.fblr20-3.fna.fbcdn.net/v/t51.2885-19/318105641_530158875659148_4270120166255311673_n.jpg?stp=dst-jpg_s150x150&_nc_ht=instagram.fblr20-3.fna.fbcdn.net&_nc_cat=100&_nc_ohc=wzamY662h20AX-bWANK&edm=AOG-cTkBAAAA&ccb=7-5&oh=00_AfAx4zBiARlgo03WWKrBGC_Itx9BLfahcEuIhdIGJnezmQ&oe=639C7B8F&_nc_sid=282b66,false
3628816403,obeoroy,Rahul Obeoroy,https://instagram.fblr20-2.fna.fbcdn.net/v/t51.2885-19/231147135_596212214702656_8257400844234221762_n.jpg?stp=dst-jpg_s150x150&_nc_ht=instagram.fblr20-2.fna.fbcdn.net&_nc_cat=104&_nc_ohc=9AOPNmkfyuMAX_TtQyw&edm=AOG-cTkBAAAA&ccb=7-5&oh=00_AfAhuL83VMPfsQhlx-lBTISy345qOkWbOYi5xN5YGWtv1w&oe=639D20D7&_nc_sid=282b66,false
5907461545,sangitashaw3358,sangitashaw,https://instagram.fblr20-1.fna.fbcdn.net/v/t51.2885-19/287223947_5344783688915804_4476454019655903633_n.jpg?stp=dst-jpg_s150x150&_nc_ht=instagram.fblr20-1.fna.fbcdn.net&_nc_cat=108&_nc_ohc=gshdgwC6F-AAX_qig6e&tn=0pmRzlIwJh_-kY07&edm=AOG-cTkBAAAA&ccb=7-5&oh=00_AfC5RY2nkWoWyXKufvh4BsVxOk3wktIFjVfFHhKyKD40ww&oe=639C6CC1&_nc_sid=282b66,false
3299832743,er.santoshji,Er santosh kumar,https://instagram.fblr20-1.fna.fbcdn.net/v/t51.2885-19/162875511_485083565826067_528871899047770148_n.jpg?stp=dst-jpg_s150x150&_nc_ht=instagram.fblr20-1.fna.fbcdn.net&_nc_cat=107&_nc_ohc=0ufOaaElvzwAX891Hep&edm=AOG-cTkBAAAA&ccb=7-5&oh=00_AfCOvZI4gE2BvhmoaKPSbbKVDIHf4as3o0-UTBkqE_w8Rw&oe=639C8944&_nc_sid=282b66,false
5885476878,dhanraj426,Aditya Dhanraj,https://instagram.fblr20-3.fna.fbcdn.net/v/t51.2885-19/22157195_283683152136567_6911635894424305664_n.jpg?stp=dst-jpg_s150x150&_nc_ht=instagram.fblr20-3.fna.fbcdn.net&_nc_cat=103&_nc_ohc=0KZMbD6cRQcAX97jX3s&edm=AOG-cTkBAAAA&ccb=7-5&oh=00_AfAzuiJBYDXOyfIr3ud39OFPxr0i8vBdEI4_3pXtUCxh_Q&oe=639C81E2&_nc_sid=282b66,false
5881760532,bhaskar4406,anurag bhaskar,https://scontent-gmp1-1.cdninstagram.com/v/t51.2885-19/44884218_345707102882519_2446069589734326272_n.jpg?_nc_ht=scontent-gmp1-1.cdninstagram.com&_nc_cat=1&_nc_ohc=SdGf-pQgnmIAX9Qmklt&edm=ANmP7GQBAAAA&ccb=7-5&ig_cache_key=YW5vbnltb3VzX3Byb2ZpbGVfcGlj.2-ccb7-5&oh=00_AfCYpMX-9E3s4HKSOE1ygEtlkzufgOPNuyZoNOQHLRCrFQ&oe=639C7D4F&_nc_sid=276363,false
4319504670,samirandas09,Samiran Das,https://instagram.fblr20-1.fna.fbcdn.net/v/t51.2885-19/316821093_3243680062559947_6565264545010198236_n.jpg?stp=dst-jpg_s150x150&_nc_ht=instagram.fblr20-1.fna.fbcdn.net&_nc_cat=107&_nc_ohc=fdRU9MuIdScAX8bKwjt&edm=AOG-cTkBAAAA&ccb=7-5&oh=00_AfD9Aj4mUgC2_hUHNi4R7gZK3hPEMRE8Bhj5FvD6B4H8uQ&oe=639E1BC1&_nc_sid=282b66,false
5336228919,aditya_diwan_cute_,Aditya Diwan,https://instagram.fblr20-2.fna.fbcdn.net/v/t51.2885-19/18888403_160299951177023_5806998068561707008_a.jpg?stp=dst-jpg_s150x150&_nc_ht=instagram.fblr20-2.fna.fbcdn.net&_nc_cat=111&_nc_ohc=96PAAy8lsCEAX-LEGlq&tn=0pmRzlIwJh_-kY07&edm=AOG-cTkBAAAA&ccb=7-5&oh=00_AfD8GXercpItLc8y1XOgZQUkCpkx6WlA2NlnA5Rn8VnkUQ&oe=639CB4B4&_nc_sid=282b66,false
5527427731,akshat9896,Akshat singh,https://instagram.fblr20-1.fna.fbcdn.net/v/t51.2885-19/20180776_1912555902104311_7371564962692464640_a.jpg?stp=dst-jpg_s150x150&_nc_ht=instagram.fblr20-1.fna.fbcdn.net&_nc_cat=107&_nc_ohc=m_85umrd9q8AX87RHWG&edm=AOG-cTkBAAAA&ccb=7-5&oh=00_AfC7RQMm-ybkFg7JY7qmVg-2J9WmhNgMhCb7I4YO6gE0fg&oe=639D2960&_nc_sid=282b66,false
4975290488,safayet394,Md Safayet,https://instagram.fblr20-3.fna.fbcdn.net/v/t51.2885-19/71185350_706806369816060_6216785167470559232_n.jpg?stp=dst-jpg_s150x150&_nc_ht=instagram.fblr20-3.fna.fbcdn.net&_nc_cat=100&_nc_ohc=YTSIvSvPprIAX8_eW2t&edm=AOG-cTkBAAAA&ccb=7-5&oh=00_AfD6DqI-_N6BwDzSXxwXMyaifur5wvlVvJBnI_J08OldwQ&oe=639CECAF&_nc_sid=282b66,false
5367303986,adityasingh8013,aditya singh,https://instagram.fblr20-2.fna.fbcdn.net/v/t51.2885-19/28765547_176211243028415_5976234095150104576_n.jpg?stp=dst-jpg_s150x150&_nc_ht=instagram.fblr20-2.fna.fbcdn.net&_nc_cat=111&_nc_ohc=iw4HdYn-eU8AX9337Mg&tn=0pmRzlIwJh_-kY07&edm=AOG-cTkBAAAA&ccb=7-5&oh=00_AfB-pmieG9e95tQwuIhYlXTWAi_Bd1XgG6jnF25YCKbHhg&oe=639E281B&_nc_sid=282b66,false
3919158417,yashraj7762,Yash Raj,https://instagram.fblr20-1.fna.fbcdn.net/v/t51.2885-19/17933862_420046095047876_4384992563598196736_a.jpg?stp=dst-jpg_s150x150&_nc_ht=instagram.fblr20-1.fna.fbcdn.net&_nc_cat=108&_nc_ohc=oq0tYUHtuUQAX8fH_Ea&edm=AOG-cTkBAAAA&ccb=7-5&oh=00_AfC5VfAjx5l8h1hsqdoTsfYUSwZ0-1hp9Wn0QtNl74YI3w&oe=639D337C&_nc_sid=282b66,false
2325431094,____its__abhi___,üá¶‚Äãüáß‚Äãüá≠‚ÄãüáÆ‚ÄãüáØ‚Äãüá™‚Äãüá™‚Äãüáπ‚Äã,https://instagram.fblr20-1.fna.fbcdn.net/v/t51.2885-19/311294835_192379333170920_6789818189938151263_n.jpg?stp=dst-jpg_s150x150&_nc_ht=instagram.fblr20-1.fna.fbcdn.net&_nc_cat=108&_nc_ohc=khFKJw-aofkAX8yIcEh&edm=AOG-cTkBAAAA&ccb=7-5&oh=00_AfDTclkWNtAO191CgGKhbtkz_C3rgl0gdURFulVu82-n0w&oe=639DDA98&_nc_sid=282b66,false
4720129886,dheeraj0603,Dheeraj Kr Sharma,https://instagram.fblr20-1.fna.fbcdn.net/v/t51.2885-19/82262375_320163365579926_5783563112087027712_n.jpg?stp=dst-jpg_s150x150&_nc_ht=instagram.fblr20-1.fna.fbcdn.net&_nc_cat=110&_nc_ohc=TAtnSBuKIM8AX_E_fPY&tn=0pmRzlIwJh_-kY07&edm=AOG-cTkBAAAA&ccb=7-5&oh=00_AfCmKtuEWNUXsaK2-tS2LSMBiS-JnSGAPPQPFsnzUIs-tw&oe=639C550C&_nc_sid=282b66,false
4096620027,mastikipathsala,Masti Ki Pathsala,https://instagram.fblr20-3.fna.fbcdn.net/v/t51.2885-19/17126359_181453279020653_5428760871696334848_a.jpg?stp=dst-jpg_s150x150&_nc_ht=instagram.fblr20-3.fna.fbcdn.net&_nc_cat=105&_nc_ohc=Mgju-u_QC5YAX_wQSUf&edm=AOG-cTkBAAAA&ccb=7-5&oh=00_AfAxaDPlG1Y6bdIrsAOputLKJaB_lc2gPlRzhKVc1-VI8g&oe=639C6037&_nc_sid=282b66,false
1622437686,md.safayet,Md Safayet,https://instagram.fblr20-3.fna.fbcdn.net/v/t51.2885-19/13743418_561691140705661_172923066_a.jpg?stp=dst-jpg_s150x150&_nc_ht=instagram.fblr20-3.fna.fbcdn.net&_nc_cat=101&_nc_ohc=sYKsOC5AI8AAX9yI6OE&edm=AOG-cTkBAAAA&ccb=7-5&oh=00_AfDGhWi9vLw7KcDIDzhZ79PgQNskRGu8kdWPvKoRarDIfw&oe=639D2D30&_nc_sid=282b66,false
4490644268,bigranawabdanish,Bigra Nawab Danish,https://instagram.fblr20-1.fna.fbcdn.net/v/t51.2885-19/16123586_248623942228471_5363892490271195136_n.jpg?stp=dst-jpg_s150x150&_nc_ht=instagram.fblr20-1.fna.fbcdn.net&_nc_cat=107&_nc_ohc=pbxvaodmxq0AX-4VCCH&edm=AOG-cTkBAAAA&ccb=7-5&oh=00_AfAADeYzroYbMx9ckQJWn5b5o8g7p38ak3OW-FVaUo6blg&oe=639CBF43&_nc_sid=282b66,false
1635335418,anamikasinharoy,Anamika Sinha Roy,https://instagram.fblr20-2.fna.fbcdn.net/v/t51.2885-19/275959857_496365675406130_11985855950477537_n.jpg?stp=dst-jpg_s150x150&_nc_ht=instagram.fblr20-2.fna.fbcdn.net&_nc_cat=102&_nc_ohc=95UDRF53KbYAX98nm2u&edm=AOG-cTkBAAAA&ccb=7-5&oh=00_AfCi4wkrdlkobZjuu3B2up2lofb-rK1ojyagUwTANqSZOg&oe=639E20CF&_nc_sid=282b66,false
