vaishanth_bharadwaj|1
__prajwal__11__|1
this_is_sethji|1
sasuke_7_uchih|1
shobhitjaiswal_|1
theurbansardarji|1
kunal_jainnnn|1
harsh_vardhan.83|1
cover_drive.glance|1
manasi_priya317|0
tarunay_02|0
anuj_d09|0
kushagraaa_27|0
himan.shu_82|0
saarthak_kapoor|0
msrit_confessions24|-1
samruddhi._.gowda|0
samruddhi_c.r_|0
rahul_red_d23|0
chaitra.03|0
1478natasha_robin|0
_.duckshaw._|0
rsaumyarathore|0
aryan.1804|0
vatsal_ig|0
shobhaaa21|0
the_anjali_choudhury|0
namada_tamada|1
chandraprakash_07|0
adhiiiiiraj|0
charu_____7|0
virenmallya|0
purva_rajodiya_|0
sanjana_jhawar.213|0
sahil_agarwal_1|0
cheenu_17|0
nithya_bharadwaj_prasad|0
_foodclan_|1
_msrit_confessions|0
paramshourya|0
rohithebbi|0
sidthokne|0
ayushgupta9154|1
defaulter.rj.22|0
divyyyam|1
samridhi_|0
__shorbonaash__|1
_shantalapatil|0
oy.anand|1
p.poojamohan|0
var_shawarma|0
thekatharsiscode|1
kusuma_bl_|0
thearyankr81|1
_.xbhi.jith._|0
_.a_polaris._|0
nish._.28|0
akshatiwari1|0
utkarshanand_25|0
muzammil.0206|1
anushkagupta_417|0
tanvi_acharya|0
_.adyaaa.__|0
_nikhil_chode_|1
neha_kantikar|0
satyam_0710|0
pra_j_val|0
dhanya02_|0
_nagashreee_|0
ritheartspeaks|1
rooman_1607_|0
prathvin_r_shetty|0
vigyaawasthi|0
gokman_12|0
vinayak__sharma05|0
anjani_shrma_|0
cypher_kaya|0
pawan_kumar_1009|0
vrushab.katti|0
pranav_.__10._|0
priyamsharan_|0
eishraj_1608|0
dbhat_16|0
anu_amalraj|0
avnishpathak0501|0
adhyayansingh18|0
harsh__adarsh|0
architha_josh|0
bhavaniiyadav|0
harshit_1711|0
shikhar_.shah|0
sudhanshu_sinha_|0
sujal_agrawal_|0
yuvraj_singh4444|1
subhojeet_k_sinha|1
shubh_saxena_|1
c02kr|0
kushagraa._|0
vedant_599|0
amn.chauhan|0
saa.nviiiii|0
pooojitha_singh|0
__._amit|0
divyatripathi002|0
paulrahulami|0
juzz_kr|0
chaubejii_|0
roshniroche|0
shiva_03__11|0
khushi.mawa|0
alankriti.jain20|0
riyav252|0
_.tanyaa.__|0
meena_kshetija|0
aditya__shetty__|0
veda_05|0
all_for_one_7|0
shreyash_singh__|0
abhishek_kuthkunja|0
annanya_19|0
joelmampilly|0
kaustubh__026|1
dhanyavan_ms|0
notso.sunnie|0
anshuman_v2|1
rishi_priyadarshi|0
sahil._836|0
sankeerthana_20|1
shreshta.bk|0
dhaneshjaydev|0
anusha.mallikarjun|0
ramaiahfactory|1
aditi__shahhhh|0
pri_yanka._.jain|0
yash_nayak24|0
varun_coolkarni|0
_sanidhya|0
vishal_ganji_|1
kashyap0_0|0
vishalkgst|1
2_shail_6|0
prynshu_yadav_24|0
_varun_sanyal_|0
savni3293|0
impiyushraj_|0
taranya_shanmugam|0
madhumitha_gs|0
ms._dhanyavan|0
himeek18|0
a_y__u_s_h|0
__.oorko.__|0
pranavsingh_345|0
sagarmaruth1|0
pooja_yadav08|0
rehankhan24007|0
utsav_khemka_21|0
mr._sanghi|0
prash_2205|0
tarun_hittalamani|0
ketan.anand15|0
kmanjunath_03|0
_ig_mafia_7|0
suryans_s.j|1
prekshitha_n_s|0
shreya._.sunil|0
vijayadithyag_chetty|0
smaran_shetty23|0
prasangatre|0
prabhumanchal|0
__shreekharde__|0
amman.baheti|0
chirag2487|0
pranshu8069|1
prerana_shedole|-1
_bhavanashettyy|0
ve_da_shree|0
chandanktchandankt|0
aryanarkane|0
isspasta|0
tanushkamukherjee|0
vaish_d30|0
jnanitha.02|0
_shawn_daniel_|0
pradheesha_nair_102|1
shreshtha_malviya|0
rishabh_since001|1
emirate_newbel|1
vaibh._.av|1
_ali_ester_|1
rakshitha_mallik|1
helloworldddheh|1
rajdeep.bhowmick.1|0
divyansh_dhaka_|1
ramaiah_memes_|1
preethm_paul|0
aditi.mishra.1439|0
nikhilparwani_|1
jsarthak51|0
__blueberrieee__|0
rit_bajrangdal|1
_apoorva_ramesh__083|0
amanb2096|0
prateeksinghs|0
dakshmehta29|0
anusha03_|0
ha.main.rsh_hun|0
con_jenish|0
shareeshsheikh786|0
simhranpg_27|0
__karnthakur|0
__aryanmehrotra|0
itz_faizu_|0
madhumita_r13|0
ishusingh99|0
whoarnav|0
gupna443|0
rajaditya010|0
amulyaar_|0
tarunikaaa|0
rajatbharti714|0
adisinghkk|0
yashaswini.rbhat|0
shashankgtm|0
subhamjogani_|1
prasoonpandey06|0
niyati_pandey_48|0
ig_sahaj|0
prateek.ishu5|0
_.guru_justin._|0
_whois.de|1
raunak_788|0
immanuel.ryan|0
shuaib_mz|0
_aman_clement_|0
its.rajpoot.06|1
durgeshmagar_07|1
divya_bg5|0
abhishekjhahahaha|0
pranayrai_11|0
prathamj.22|0
aarfiya_sarfaraz|0
_vijju27|0
swas_111|-1
sai_shreya.b|-1
dev_6_|-1
